D Time (seconds)	Pitot Pressure (PSIG)	Plenum Pressure (PSIG)	Tank Pressure (PSIG)			Pitot Pressure (Static Pressure) (PSIA)	Plenum Pressure(Total Pressure) (PSIA)	Tank Pressure (PSIA)	P/Po	Mach	A/A*	A* (in^2)	Average A*	Average Mach	Mach Angle	Pitot Pressure ()	Plenum Pressure 	Mach #	Mach Angle
0	0.625	-0.161	100.63	0.399		15.0989	14.5519	114.7859	1.037589593	#NUM!	#NUM!	#NUM!	3.854823892	3.36475077	#NUM!	14.9479	16.6909	0.400087535	#REF!
0.029	0.692	-0.144	100.09	0.403		15.1159	14.5349	114.9329	1.039972755	#NUM!	#NUM!	#NUM!	3.854725034	3.364634375	#NUM!	14.9479	16.6909	0.400087535	#REF!
0.059	0.65	-0.161	100.237	0.42		15.1079	14.5599	114.8349	1.037637621	#NUM!	#NUM!	#NUM!	3.854158299	3.364534392	#NUM!	14.9479	16.6909	0.400087535	#REF!
0.087	0.612	-0.136	100.139	0.412		15.0779	14.5519	115.1539	1.036146483	#NUM!	#NUM!	#NUM!	3.85349371	3.364883336	#NUM!	14.9479	16.6909	0.400087535	#REF!
0.117	0.612	-0.144	100.458	0.382		15.0649	14.5729	115.3009	1.033761297	#NUM!	#NUM!	#NUM!	3.852636844	3.364877603	#NUM!	14.9479	16.6909	0.400087535	#REF!
0.146	0.579	-0.123	100.605	0.369		15.0399	14.5689	114.9209	1.032329139	#NUM!	#NUM!	#NUM!	3.85296154	3.364973951	#NUM!	14.9479	16.6909	0.400087535	#REF!
0.176	0.654	-0.127	100.225	0.344		15.0989	14.5639	114.7859	1.036734666	#NUM!	#NUM!	#NUM!	3.853782273	3.365033172	#NUM!	14.9479	16.6909	0.400087535	#REF!
0.205	0.688	-0.132	100.09	0.403		15.0739	14.5899	114.8839	1.033173634	#NUM!	#NUM!	#NUM!	3.853731049	3.365124318	#NUM!	14.9479	16.6909	0.400087535	#REF!
0.234	0.617	-0.106	100.188	0.378		15.0989	14.5309	115.2639	1.039089114	#NUM!	#NUM!	#NUM!	3.853156925	3.365190372	#NUM!	14.9479	16.6909	0.400087535	#REF!
0.265	0.692	-0.165	100.568	0.403		15.0949	14.5139	115.7669	1.040030591	#NUM!	#NUM!	#NUM!	3.853035267	3.36527808	#NUM!	14.9479	16.6909	0.400087535	#REF!
0.294	0.65	-0.182	101.071	0.399		15.0609	14.5309	115.6929	1.036473997	#NUM!	#NUM!	#NUM!	3.852571004	3.365112334	#NUM!	14.9479	16.6909	0.400087535	#REF!
0.323	0.659	-0.165	100.997	0.365		15.0779	14.5859	114.7619	1.033731206	#NUM!	#NUM!	#NUM!	3.851872893	3.365244997	#NUM!	14.9479	16.6909	0.400087535	#REF!
0.351	0.654	-0.11	100.066	0.382		15.0399	14.5729	115.3619	1.032045784	#NUM!	#NUM!	#NUM!	3.851916286	3.365437412	#NUM!	14.9479	16.6909	0.400087535	#REF!
0.38	0.629	-0.123	100.666	0.344		15.0739	14.6029	114.3699	1.032253867	#NUM!	#NUM!	#NUM!	3.85186334	3.365305122	#NUM!	14.9479	16.6909	0.400087535	#REF!
0.41	0.617	-0.093	99.674	0.378		15.1159	14.5349	115.0799	1.039972755	#NUM!	#NUM!	#NUM!	3.851596258	3.365321889	#NUM!	14.9479	16.6909	0.400087535	#REF!
0.44	0.638	-0.161	100.384	0.42		15.0609	14.5469	115.5829	1.035333989	#NUM!	#NUM!	#NUM!	3.851771155	3.365356748	#NUM!	14.9479	16.6909	0.400087535	#REF!
0.469	0.604	-0.149	100.887	0.365		15.0569	14.6029	115.0929	1.031089715	#NUM!	#NUM!	#NUM!	3.85184693	3.365668516	#NUM!	14.9479	16.6909	0.400087535	#REF!
0.498	0.596	-0.093	100.397	0.361		15.0989	14.5519	114.7249	1.037589593	#NUM!	#NUM!	#NUM!	3.850652732	3.36570249	#NUM!	14.9479	16.6909	0.400087535	#REF!
0.526	0.692	-0.144	100.029	0.403		15.0739	14.5809	114.8109	1.033811356	#NUM!	#NUM!	#NUM!	3.850360142	3.365817727	#NUM!	14.9479	16.6909	0.400087535	#REF!
0.555	0.65	-0.115	100.115	0.378		15.0439	14.5729	115.4729	1.032320266	#NUM!	#NUM!	#NUM!	3.849397103	3.365722072	#NUM!	14.9479	16.6909	0.400087535	#REF!
0.584	0.608	-0.123	100.777	0.348		15.0649	14.5469	115.4969	1.035608961	#NUM!	#NUM!	#NUM!	3.849978402	3.365641008	#NUM!	14.9479	16.6909	0.400087535	#REF!
0.613	0.596	-0.149	100.801	0.369		15.0439	14.5809	114.8479	1.03175387	#NUM!	#NUM!	#NUM!	3.849130507	3.365821583	#NUM!	14.9479	16.6909	0.400087535	#REF!
0.642	0.629	-0.115	100.152	0.348		15.0819	14.5469	115.3379	1.036777595	#NUM!	#NUM!	#NUM!	3.848758988	3.32956324	#NUM!	14.9479	16.6909	0.400087535	#REF!
0.671	0.583	-0.149	100.642	0.386		15.0699	14.5689	115.1659	1.03438832	#NUM!	#NUM!	#NUM!	3.848941275	3.329111754	#NUM!	14.9479	16.6909	0.400087535	#REF!
0.699	0.596	-0.127	100.47	0.374		15.0699	14.5519	115.3989	1.035596726	#NUM!	#NUM!	#NUM!	3.848877904	3.328726306	#NUM!	14.9479	16.6909	0.400087535	#REF!
0.729	0.587	-0.144	100.703	0.374		15.0529	14.5859	114.8349	1.032017222	#NUM!	#NUM!	#NUM!	3.8479368	3.328446072	#NUM!	14.9479	16.6909	0.400087535	#REF!
0.758	0.625	-0.11	100.139	0.357		15.0569	14.5309	115.8649	1.036198721	#NUM!	#NUM!	#NUM!	3.847272406	3.327939418	#NUM!	14.9479	16.6909	0.400087535	#REF!
0.787	0.621	-0.165	101.169	0.361		15.0949	14.5429	114.7989	1.037956666	#NUM!	#NUM!	#NUM!	#DIV/0!	3.327424854	#NUM!	14.9479	16.6909	0.400087535	#REF!
0.82	0.663	-0.153	100.103	0.399		15.0949	14.5519	114.6999	1.037314715	#NUM!	#NUM!	#NUM!	#DIV/0!	3.326903356	#NUM!	14.9479	16.6909	0.400087535	#REF!
0.85	0.671	-0.144	100.004	0.399		15.0909	14.5469	114.9819	1.037396284	#NUM!	#NUM!	#NUM!	#DIV/0!	3.326514821	#NUM!	14.9479	16.6909	0.400087535	#REF!
0.88	0.667	-0.149	100.286	0.395		15.0859	14.5769	114.6759	1.034918261	#NUM!	#NUM!	#NUM!	#DIV/0!	3.32585546	#NUM!	14.9479	16.6909	0.400087535	#REF!
0.91	0.671	-0.119	99.98	0.39		15.0859	14.5689	114.7129	1.03548655	#NUM!	#NUM!	#NUM!	#DIV/0!	3.325505698	#NUM!	14.9479	16.6909	0.400087535	#REF!
0.943	0.675	-0.127	100.017	0.39		15.0739	14.5519	115.3379	1.035871604	#NUM!	#NUM!	#NUM!	#DIV/0!	3.325153052	#NUM!	14.9479	16.6909	0.400087535	#REF!
0.973	0.621	-0.144	100.642	0.378		15.0649	14.5689	115.1049	1.034045124	#NUM!	#NUM!	#NUM!	#DIV/0!	3.32477076	#NUM!	14.9479	16.6909	0.400087535	#REF!
1.003	0.608	-0.127	100.409	0.369		15.0529	14.5599	115.5339	1.033860123	#NUM!	#NUM!	#NUM!	#DIV/0!	3.324110831	#NUM!	14.9479	16.6909	0.400087535	#REF!
1.032	0.625	-0.136	100.838	0.357		15.0609	14.5809	115.2149	1.032919779	#NUM!	#NUM!	#NUM!	#DIV/0!	3.323573579	#NUM!	14.9479	16.6909	0.400087535	#REF!
1.064	0.583	-0.115	100.519	0.365		15.0949	14.5519	114.7249	1.037314715	#NUM!	#NUM!	#NUM!	#DIV/0!	3.323199836	#NUM!	14.9479	16.6909	0.400087535	#REF!
1.091	0.667	-0.144	100.029	0.399		15.1029	14.5349	115.3499	1.039078356	#NUM!	#NUM!	#NUM!	#DIV/0!	3.322627397	#NUM!	14.9479	16.6909	0.400087535	#REF!
1.12	0.625	-0.161	100.654	0.407		15.0779	14.5729	114.6149	1.034653363	#NUM!	#NUM!	#NUM!	#DIV/0!	3.32214229	#NUM!	14.9479	16.6909	0.400087535	#REF!
1.15	0.65	-0.123	99.919	0.382		15.0779	14.6149	114.4189	1.031679998	#NUM!	#NUM!	#NUM!	#DIV/0!	3.321670506	#NUM!	14.9479	16.6909	0.400087535	#REF!
1.18	0.579	-0.081	99.723	0.382		15.0739	14.6109	114.4429	1.031688671	#NUM!	#NUM!	#NUM!	#DIV/0!	3.321039299	#NUM!	14.9479	16.6909	0.400087535	#REF!
1.209	0.608	-0.085	99.747	0.378		15.0819	14.4969	115.8029	1.040353455	#NUM!	#NUM!	#NUM!	#DIV/0!	3.320639213	#NUM!	14.9479	16.6909	0.400087535	#REF!
1.237	0.692	-0.199	101.107	0.386		15.0739	14.5939	115.0189	1.032890454	#NUM!	#NUM!	#NUM!	#DIV/0!	3.319986867	#NUM!	14.9479	16.6909	0.400087535	#REF!
1.267	0.575	-0.102	100.323	0.378		15.0609	14.5639	115.2759	1.034125475	#NUM!	#NUM!	#NUM!	#DIV/0!	3.319369273	#NUM!	14.9479	16.6909	0.400087535	#REF!
1.296	0.591	-0.132	100.58	0.365		15.0779	14.5469	115.2149	1.036502623	#NUM!	#NUM!	#NUM!	#DIV/0!	3.318613956	#NUM!	14.9479	16.6909	0.400087535	#REF!
1.326	0.713	-0.149	100.519	0.382		15.0989	14.5599	114.6149	1.037019485	#NUM!	#NUM!	#NUM!	#DIV/0!	3.317869813	#NUM!	14.9479	16.6909	0.400087535	#REF!
1.356	0.688	-0.136	99.919	0.403		15.0609	14.5049	115.9259	1.038331874	#NUM!	#NUM!	#NUM!	#DIV/0!	3.317396353	#NUM!	14.9479	16.6909	0.400087535	#REF!
1.386	0.638	-0.191	101.23	0.365		15.0909	14.5939	114.4799	1.034055324	#NUM!	#NUM!	#NUM!	#DIV/0!	3.316676799	#NUM!	14.9479	16.6909	0.400087535	#REF!
1.414	0.625	-0.102	99.784	0.395		15.1199	14.5219	114.8479	1.041179185	#NUM!	#NUM!	#NUM!	#DIV/0!	3.31614725	#NUM!	14.9479	16.6909	0.400087535	#REF!
1.445	0.717	-0.174	100.152	0.424		15.0989	14.5179	115.2759	1.040019562	#NUM!	#NUM!	#NUM!	#DIV/0!	3.315448018	#NUM!	14.9479	16.6909	0.400087535	#REF!
1.474	0.671	-0.178	100.58	0.403		15.0649	14.5859	115.3869	1.032839934	#NUM!	#NUM!	#NUM!	#DIV/0!	3.314544372	#NUM!	14.9479	16.6909	0.400087535	#REF!
1.502	0.591	-0.11	100.691	0.369		15.0909	14.5349	115.2519	1.038252757	#NUM!	#NUM!	#NUM!	#DIV/0!	3.313560507	#NUM!	14.9479	16.6909	0.400087535	#REF!
1.531	0.659	-0.161	100.556	0.395		15.0609	14.5979	114.7989	1.031716891	#NUM!	#NUM!	#NUM!	#DIV/0!	3.312725121	#NUM!	14.9479	16.6909	0.400087535	#REF!
1.559	0.604	-0.098	100.103	0.365		15.0819	14.5899	114.7739	1.033721958	#NUM!	#NUM!	#NUM!	#DIV/0!	3.311981216	#NUM!	14.9479	16.6909	0.400087535	#REF!
1.587	0.612	-0.106	100.078	0.386		15.0529	14.5769	115.0439	1.032654405	#NUM!	#NUM!	#NUM!	#DIV/0!	3.310956765	#NUM!	14.9479	16.6909	0.400087535	#REF!
1.615	0.65	-0.119	100.348	0.357		15.0819	14.5689	115.2639	1.035211993	#NUM!	#NUM!	#NUM!	#DIV/0!	3.310143671	#NUM!	14.9479	16.6909	0.400087535	#REF!
1.646	0.596	-0.127	100.568	0.386		15.0989	14.5469	115.3259	1.037946229	#NUM!	#NUM!	#NUM!	#DIV/0!	3.309345682	#NUM!	14.9479	16.6909	0.400087535	#REF!
1.679	0.621	-0.149	100.63	0.403		15.1119	14.5349	115.0439	1.039697556	#NUM!	#NUM!	#NUM!	#DIV/0!	3.30805213	#NUM!	14.9479	16.6909	0.400087535	#REF!
1.709	0.705	-0.161	100.348	0.416		15.0949	14.5089	115.2519	1.040389003	#NUM!	#NUM!	#NUM!	#DIV/0!	3.30700631	#NUM!	14.9479	16.6909	0.400087535	#REF!
1.738	0.722	-0.187	100.556	0.399		15.0269	14.5639	115.4599	1.031790935	#NUM!	#NUM!	#NUM!	#DIV/0!	3.30576708	#NUM!	14.9479	16.6909	0.400087535	#REF!
1.766	0.642	-0.132	100.764	0.331		15.0359	14.5309	115.9379	1.034753525	#NUM!	#NUM!	#NUM!	#DIV/0!	3.304708954	#NUM!	14.9479	16.6909	0.400087535	#REF!
1.797	0.625	-0.165	101.242	0.34		15.0699	14.5599	114.7739	1.035027713	#NUM!	#NUM!	#NUM!	#DIV/0!	3.3038512	#NUM!	14.9479	16.6909	0.400087535	#REF!
1.826	0.692	-0.136	100.078	0.374		15.0309	14.5599	115.6199	1.032349123	#NUM!	#NUM!	#NUM!	#DIV/0!	3.302974106	#NUM!	14.9479	16.6909	0.400087535	#REF!
1.855	0.642	-0.136	100.924	0.335		15.0479	14.5309	115.8889	1.035579352	#NUM!	#NUM!	#NUM!	#DIV/0!	3.302244855	#NUM!	14.9479	16.6909	0.400087535	#REF!
1.885	0.625	-0.165	101.193	0.352		15.0989	14.5309	115.1049	1.039089114	#NUM!	#NUM!	#NUM!	#DIV/0!	3.300833513	#NUM!	14.9479	16.6909	0.400087535	#REF!
1.915	0.705	-0.165	100.409	0.403		15.0609	14.5939	114.6269	1.031999671	#NUM!	#NUM!	#NUM!	#DIV/0!	3.299321153	#NUM!	14.9479	16.6909	0.400087535	#REF!
1.945	0.633	-0.102	99.931	0.365		15.0569	14.5729	114.9819	1.033212332	#NUM!	#NUM!	#NUM!	#DIV/0!	3.298001895	#NUM!	14.9479	16.6909	0.400087535	#REF!
1.975	0.625	-0.123	100.286	0.361		15.1029	14.5139	115.1779	1.040581787	#NUM!	#NUM!	#NUM!	#DIV/0!	3.296332362	#NUM!	14.9479	16.6909	0.400087535	#REF!
2.005	0.68	-0.182	100.482	0.407		15.0779	14.5519	115.4109	1.036146483	#NUM!	#NUM!	#NUM!	#DIV/0!	3.295191662	#NUM!	14.9479	16.6909	0.400087535	#REF!
2.035	0.646	-0.144	100.715	0.382		15.0819	14.5599	114.7619	1.035851895	#NUM!	#NUM!	#NUM!	#DIV/0!	3.294066992	#NUM!	14.9479	16.6909	0.400087535	#REF!
2.064	0.667	-0.136	100.066	0.386		15.0949	14.5389	115.4969	1.038242233	#NUM!	#NUM!	#NUM!	#DIV/0!	3.29265086	#NUM!	14.9479	16.6909	0.400087535	#REF!
2.092	0.621	-0.157	100.801	0.399		15.1159	14.5519	114.6509	1.038757825	#NUM!	#NUM!	#NUM!	#DIV/0!	3.290766911	#NUM!	14.9479	16.6909	0.400087535	#REF!
2.126	0.663	-0.144	99.955	0.42		15.0859	14.5689	115.1779	1.03548655	#NUM!	#NUM!	#NUM!	#DIV/0!	3.288866688	#NUM!	14.9479	16.6909	0.400087535	#REF!
2.156	0.579	-0.127	100.482	0.39		15.0819	14.5139	115.7669	1.039134898	#NUM!	#NUM!	#NUM!	#DIV/0!	3.287377794	#NUM!	14.9479	16.6909	0.400087535	#REF!
2.186	0.667	-0.182	101.071	0.386		15.0529	14.5469	115.6069	1.034784043	#NUM!	#NUM!	#NUM!	#DIV/0!	3.285744395	#NUM!	14.9479	16.6909	0.400087535	#REF!
2.216	0.608	-0.149	100.911	0.357		15.1029	14.5729	114.5289	1.036368876	#NUM!	#NUM!	#NUM!	#DIV/0!	3.284330258	#NUM!	14.9479	16.6909	0.400087535	#REF!
2.244	0.654	-0.123	99.833	0.407		15.0989	14.5309	114.9579	1.039089114	#NUM!	#NUM!	#NUM!	#DIV/0!	3.282730958	#NUM!	14.9479	16.6909	0.400087535	#REF!
2.273	0.675	-0.165	100.262	0.403		15.1119	14.5599	114.5899	1.037912348	#NUM!	#NUM!	#NUM!	#DIV/0!	3.280834385	#NUM!	14.9479	16.6909	0.400087535	#REF!
2.302	0.638	-0.136	99.894	0.416		15.1029	14.5599	114.5289	1.037294212	#NUM!	#NUM!	#NUM!	#DIV/0!	3.279024833	#NUM!	14.9479	16.6909	0.400087535	#REF!
2.33	0.68	-0.136	99.833	0.407		15.0609	14.5639	114.9579	1.034125475	#NUM!	#NUM!	#NUM!	#DIV/0!	3.276881863	#NUM!	14.9479	16.6909	0.400087535	#REF!
2.36	0.667	-0.132	100.262	0.365		15.0819	14.5219	115.5949	1.038562447	#NUM!	#NUM!	#NUM!	#DIV/0!	3.274172638	#NUM!	14.9479	16.6909	0.400087535	#REF!
2.39	0.663	-0.174	100.899	0.386		15.0649	14.5689	114.8109	1.034045124	#NUM!	#NUM!	#NUM!	#DIV/0!	3.271739967	#NUM!	14.9479	16.6909	0.400087535	#REF!
2.418	0.646	-0.127	100.115	0.369		15.0909	14.5349	115.2889	1.038252757	#NUM!	#NUM!	#NUM!	#DIV/0!	3.269060491	#NUM!	14.9479	16.6909	0.400087535	#REF!
2.448	0.642	-0.161	100.593	0.395		15.0949	14.5219	115.3129	1.039457647	#NUM!	#NUM!	#NUM!	#DIV/0!	3.266123119	#NUM!	14.9479	16.6909	0.400087535	#REF!
2.477	0.663	-0.174	100.617	0.399		15.0569	14.5689	115.0559	1.033496009	#NUM!	#NUM!	#NUM!	#DIV/0!	3.262461443	#NUM!	14.9479	16.6909	0.400087535	#REF!
2.506	0.654	-0.127	100.36	0.361		15.0739	14.5639	114.8109	1.035018093	#NUM!	#NUM!	#NUM!	#DIV/0!	3.258488763	#NUM!	14.9479	16.6909	0.400087535	#REF!
2.536	0.675	-0.132	100.115	0.378		15.0649	14.5769	115.0069	1.033477626	#NUM!	#NUM!	#NUM!	#DIV/0!	3.255075299	#NUM!	14.9479	16.6909	0.400087535	#REF!
2.565	0.617	-0.119	100.311	0.369		15.0989	14.5309	114.9579	1.039089114	#NUM!	#NUM!	#NUM!	#DIV/0!	3.250606276	#NUM!	14.9479	16.6909	0.400087535	#REF!
2.593	0.696	-0.165	100.262	0.403		15.0699	14.5349	115.5459	1.036807959	#NUM!	#NUM!	#NUM!	#DIV/0!	3.246242524	#NUM!	14.9479	16.6909	0.400087535	#REF!
2.621	0.617	-0.161	100.85	0.374		15.0439	14.5729	115.1659	1.032320266	#NUM!	#NUM!	#NUM!	#DIV/0!	3.24167384	#NUM!	14.9479	16.6909	0.400087535	#REF!
2.651	0.596	-0.123	100.47	0.348		15.0779	14.5389	115.6929	1.037072956	#NUM!	#NUM!	#NUM!	#DIV/0!	3.236653779	#NUM!	14.9479	16.6909	0.400087535	#REF!
2.68	0.65	-0.157	100.997	0.382		15.0569	14.5729	114.8969	1.033212332	#NUM!	#NUM!	#NUM!	#DIV/0!	3.231053573	#NUM!	14.9479	16.6909	0.400087535	#REF!
2.709	0.68	-0.123	100.201	0.361		15.1119	14.5689	115.2759	1.037271174	#NUM!	#NUM!	#NUM!	#DIV/0!	3.22497435	#NUM!	14.9479	16.6909	0.400087535	#REF!
2.737	0.596	-0.127	100.58	0.416		15.0989	14.5469	115.1289	1.037946229	#NUM!	#NUM!	#NUM!	#DIV/0!	3.218677088	#NUM!	14.9479	16.6909	0.400087535	#REF!
2.767	0.675	-0.149	100.433	0.403		15.0399	14.5689	115.1049	1.032329139	#NUM!	#NUM!	#NUM!	#DIV/0!	3.21157322	#NUM!	14.9479	16.6909	0.400087535	#REF!
2.795	0.633	-0.127	100.409	0.344		15.0529	14.5689	115.4969	1.033221451	#NUM!	#NUM!	#NUM!	#DIV/0!	3.20380173	#NUM!	14.9479	16.6909	0.400087535	#REF!
2.825	0.608	-0.127	100.801	0.357		15.0989	14.5349	114.9819	1.038803157	#NUM!	#NUM!	#NUM!	#DIV/0!	3.194321784	#NUM!	14.9479	16.6909	0.400087535	#REF!
2.855	0.646	-0.161	100.286	0.403		15.0909	14.5559	114.7129	1.036754855	#NUM!	#NUM!	#NUM!	#DIV/0!	3.184361529	#NUM!	14.9479	16.6909	0.400087535	#REF!
2.883	0.688	-0.14	100.017	0.395		15.0479	14.5859	115.0439	1.031674425	#NUM!	#NUM!	#NUM!	#DIV/0!	3.17322279	#NUM!	14.9479	16.6909	0.400087535	#REF!
2.912	0.629	-0.11	100.348	0.352		15.0779	14.5639	114.5779	1.035292744	#NUM!	#NUM!	#NUM!	#DIV/0!	3.161038653	#NUM!	14.9479	16.6909	0.400087535	#REF!
2.942	0.659	-0.132	99.882	0.382		15.0779	14.5519	114.7619	1.036146483	#NUM!	#NUM!	#NUM!	#DIV/0!	3.146931656	#NUM!	14.9479	16.6909	0.400087535	#REF!
2.971	0.692	-0.144	100.066	0.382		15.0779	14.5689	114.6879	1.034937435	#NUM!	#NUM!	#NUM!	#DIV/0!	3.130690101	#NUM!	14.9479	16.6909	0.400087535	#REF!
2.999	0.68	-0.127	99.992	0.382		15.0909	14.5309	114.9699	1.038538563	#NUM!	#NUM!	#NUM!	#DIV/0!	3.111642012	#NUM!	14.9479	16.6909	0.400087535	#REF!
3.029	0.663	-0.165	100.274	0.395		15.0779	14.6149	114.3329	1.031679998	#NUM!	#NUM!	#NUM!	#DIV/0!	3.09121523	#NUM!	14.9479	16.6909	0.400087535	#REF!
3.058	0.583	-0.081	99.637	0.382		15.1029	14.5559	114.6639	1.037579263	#NUM!	#NUM!	#NUM!	#DIV/0!	3.064872561	#NUM!	14.9479	16.6909	0.400087535	#REF!
3.086	0.688	-0.14	99.968	0.407		15.0479	14.5729	115.3499	1.032594748	#NUM!	#NUM!	#NUM!	#DIV/0!	3.033387919	#NUM!	14.9479	16.6909	0.400087535	#REF!
3.114	0.629	-0.123	100.654	0.352		15.0529	14.5469	114.9459	1.034784043	#NUM!	#NUM!	#NUM!	#DIV/0!	2.997018114	#NUM!	14.9479	16.6909	0.400087535	#REF!
3.143	0.654	-0.149	100.25	0.357		15.0399	14.5769	115.1539	1.031762583	#NUM!	#NUM!	#NUM!	#DIV/0!	2.949617448	#NUM!	14.9479	16.6909	0.400087535	#REF!
3.172	0.612	-0.119	100.458	0.344		15.0569	14.5769	114.8229	1.032928812	#NUM!	#NUM!	#NUM!	#DIV/0!	2.890098471	#NUM!	14.9479	16.6909	0.400087535	#REF!
3.201	0.6	-0.119	100.127	0.361		15.1119	14.5429	115.2519	1.039125621	#NUM!	#NUM!	#NUM!	#DIV/0!	2.807678113	#NUM!	14.9479	16.6909	0.400087535	#REF!
3.23	0.633	-0.153	100.556	0.416		15.0529	14.5639	114.8349	1.033576171	#NUM!	#NUM!	#NUM!	#DIV/0!	2.697086496	#NUM!	14.9479	16.6909	0.400087535	#REF!
3.26	0.671	-0.132	100.139	0.357		15.0739	14.6069	114.7859	1.031971192	#NUM!	#NUM!	#NUM!	#DIV/0!	2.530328544	#NUM!	14.9479	16.6909	0.400087535	#REF!
3.289	0.579	-0.089	100.09	0.378		15.0649	14.6069	114.6879	1.031355045	#NUM!	#NUM!	#NUM!	#DIV/0!	2.253347698	#NUM!	14.9479	16.6909	0.400087535	#REF!
3.323	0.617	-0.089	99.992	0.369		15.0949	14.5639	115.3379	1.036460014	#NUM!	#NUM!	#NUM!	#DIV/0!	1.691373636	#NUM!	14.9479	16.6909	0.400087535	#REF!
3.353	0.604	-0.132	100.642	0.399		15.1029	14.5429	114.7499	1.038506763	#NUM!	#NUM!	#NUM!	#DIV/0!	0	#NUM!	14.9479	16.6909	0.400087535	#REF!
3.384	0.675	-0.153	100.054	0.407		15.0739	14.5689	114.5659	1.034662878	#NUM!	#NUM!	#NUM!	#DIV/0!	#DIV/0!	#NUM!	14.9479	16.6909	0.400087535	#REF!
3.413	0.659	-0.127	99.87	0.378		15.0609	14.5469	115.5579	1.035333989	#NUM!	#NUM!	#NUM!	#DIV/0!	#DIV/0!	#NUM!	14.9479	16.6909	0.400087535	#REF!
3.442	0.604	-0.149	100.862	0.365		15.0439	14.5769	115.2519	1.03203699	#NUM!	#NUM!	#NUM!	#DIV/0!	#DIV/0!	#NUM!	14.9479	16.6909	0.400087535	#REF!
3.471	0.596	-0.119	100.556	0.348		15.0399	14.5599	115.3869	1.032967259	#NUM!	#NUM!	#NUM!	#DIV/0!	#DIV/0!	#NUM!	14.9479	16.6909	0.400087535	#REF!
3.5	0.625	-0.136	100.691	0.344		15.0739	14.5519	114.8109	1.035871604	#NUM!	#NUM!	#NUM!	#DIV/0!	#DIV/0!	#NUM!	14.9479	16.6909	0.400087535	#REF!
3.529	0.675	-0.144	100.115	0.378		15.0649	14.5639	114.9699	1.034400126	#NUM!	#NUM!	#NUM!	#DIV/0!	#DIV/0!	#NUM!	14.9479	16.6909	0.400087535	#REF!
3.559	0.675	-0.132	100.274	0.369		15.0949	14.5429	115.3009	1.037956666	#NUM!	#NUM!	#NUM!	#DIV/0!	#DIV/0!	#NUM!	14.9479	16.6909	0.400087535	#REF!
3.587	0.617	-0.153	100.605	0.399		15.0529	14.5599	115.5709	1.033860123	#NUM!	#NUM!	#NUM!	#DIV/0!	#DIV/0!	#NUM!	14.9479	16.6909	0.400087535	#REF!
3.615	0.617	-0.136	100.875	0.357		15.0699	14.5259	115.4239	1.037450347	#NUM!	#NUM!	#NUM!	#DIV/0!	#DIV/0!	#NUM!	14.9479	16.6909	0.400087535	#REF!
3.643	0.667	-0.17	100.728	0.374		15.0529	14.5469	115.8029	1.034784043	#NUM!	#NUM!	#NUM!	#DIV/0!	#DIV/0!	#NUM!	14.9479	16.6909	0.400087535	#REF!
3.674	0.638	-0.149	101.107	0.357		15.0989	14.5729	114.4919	1.036094394	#NUM!	#NUM!	#NUM!	#DIV/0!	#DIV/0!	#NUM!	14.9479	16.6909	0.400087535	#REF!
3.703	0.667	-0.123	99.796	0.403		15.0699	14.6029	114.4679	1.031979949	#NUM!	#NUM!	#NUM!	#DIV/0!	#DIV/0!	#NUM!	14.9479	16.6909	0.400087535	#REF!
3.732	0.575	-0.093	99.772	0.374		15.0779	14.5859	114.6019	1.033731206	#NUM!	#NUM!	#NUM!	#DIV/0!	#DIV/0!	#NUM!	14.9479	16.6909	0.400087535	#REF!
3.761	0.633	-0.11	99.906	0.382		15.0949	14.5809	114.4309	1.035251596	#NUM!	#NUM!	#NUM!	#DIV/0!	#DIV/0!	#NUM!	14.9479	16.6909	0.400087535	#REF!
3.791	0.646	-0.115	99.735	0.399		15.0739	14.5389	115.5219	1.036797832	#NUM!	#NUM!	#NUM!	#DIV/0!	#DIV/0!	#NUM!	14.9479	16.6909	0.400087535	#REF!
3.821	0.612	-0.157	100.826	0.378		15.0859	14.5389	115.3259	1.037623204	#NUM!	#NUM!	#NUM!	#DIV/0!	#DIV/0!	#NUM!	14.9479	16.6909	0.400087535	#REF!
3.851	0.642	-0.157	100.63	0.39		15.0819	14.5349	115.5709	1.037633558	#NUM!	#NUM!	#NUM!	#DIV/0!	#DIV/0!	#NUM!	14.9479	16.6909	0.400087535	#REF!
3.88	0.659	-0.161	100.875	0.386		15.0779	14.5219	115.0559	1.038287001	#NUM!	#NUM!	#NUM!	#DIV/0!	#DIV/0!	#NUM!	14.9479	16.6909	0.400087535	#REF!
3.908	0.696	-0.174	100.36	0.382		15.0609	14.5219	115.6069	1.037116355	#NUM!	#NUM!	#NUM!	#DIV/0!	#DIV/0!	#NUM!	14.9479	16.6909	0.400087535	#REF!
3.939	0.663	-0.174	100.911	0.365		15.0909	14.5429	115.1659	1.037681618	#NUM!	#NUM!	#NUM!	#DIV/0!	#DIV/0!	#NUM!	14.9479	16.6909	0.400087535	#REF!
3.968	0.671	-0.153	100.47	0.395		15.0909	14.5639	114.6149	1.036185362	#NUM!	#NUM!	#NUM!	#DIV/0!	#DIV/0!	#NUM!	14.9479	16.6909	0.400087535	#REF!
3.997	0.659	-0.132	99.919	0.395		15.0439	14.5559	115.5089	1.033525924	#NUM!	#NUM!	#NUM!	#DIV/0!	#DIV/0!	#NUM!	14.9479	16.6909	0.400087535	#REF!
4.027	0.612	-0.14	100.813	0.348		15.1029	14.5389	114.8969	1.038792481	#NUM!	#NUM!	#NUM!	#DIV/0!	#DIV/0!	#NUM!	14.9479	16.6909	0.400087535	#REF!
4.056	0.675	-0.157	100.201	0.407		15.0569	14.5429	115.5089	1.035343707	#NUM!	#NUM!	#NUM!	#DIV/0!	#DIV/0!	#NUM!	14.9479	16.6909	0.400087535	#REF!
4.085	0.629	-0.153	100.813	0.361		15.0359	14.5809	115.0069	1.031205207	#NUM!	#NUM!	#NUM!	#DIV/0!	#DIV/0!	#NUM!	14.9479	16.6909	0.400087535	#REF!
4.113	0.633	-0.115	100.311	0.34		15.0989	14.5389	115.0069	1.038517357	#NUM!	#NUM!	#NUM!	#DIV/0!	#DIV/0!	#NUM!	14.9479	16.6909	0.400087535	#REF!
4.142	0.675	-0.157	100.311	0.403		15.0649	14.5309	115.7539	1.036749272	#NUM!	#NUM!	#NUM!	#DIV/0!	#DIV/0!	#NUM!	14.9479	16.6909	0.400087535	#REF!
4.171	0.642	-0.165	101.058	0.369		15.0529	14.5769	114.5529	1.032654405	#NUM!	#NUM!	#NUM!	#DIV/0!	#DIV/0!	#NUM!	14.9479	16.6909	0.400087535	#REF!
4.201	0.654	-0.119	99.857	0.357		15.0359	14.5689	115.4729	1.032054582	#NUM!	#NUM!	#NUM!	#DIV/0!	#DIV/0!	#NUM!	14.9479	16.6909	0.400087535	#REF!
4.231	0.617	-0.127	100.777	0.34		15.1119	14.5349	114.9579	1.039697556	#NUM!	#NUM!	#NUM!	#DIV/0!	#DIV/0!	#NUM!	14.9479	16.6909	0.400087535	#REF!
4.26	0.667	-0.161	100.262	0.416		15.1079	14.5219	115.0679	1.040352846	#NUM!	#NUM!	#NUM!	#DIV/0!	#DIV/0!	#NUM!	14.9479	16.6909	0.400087535	#REF!
4.29	0.659	-0.174	100.372	0.412		15.0739	14.5939	114.3939	1.032890454	#NUM!	#NUM!	#NUM!	#DIV/0!	#DIV/0!	#NUM!	14.9479	16.6909	0.400087535	#REF!
4.319	0.633	-0.102	99.698	0.378		15.3239	18.1679	115.0069	0.843460169	0.49921498	1.341349253	17.17673451	#DIV/0!	#DIV/0!	#NUM!	14.9479	16.6909	0.400087535	#REF!
4.348	0.579	3.472	100.311	0.628		15.0189	20.3199	114.9579	0.739122732	0.671596891	1.116545045	20.63508329	#DIV/0!	#DIV/0!	#NUM!	14.9479	16.6909	0.400087535	#REF!
4.377	0.617	5.624	100.262	0.323		14.6659	21.4229	114.5039	0.684589855	0.756126688	1.059061796	21.75510446	#DIV/0!	#DIV/0!	#NUM!	14.9479	16.6909	0.400087535	#REF!
4.405	0.604	6.727	99.808	-0.03		14.3479	22.5269	114.5289	0.636922968	0.829343844	1.02718139	22.43031292	#DIV/0!	#DIV/0!	#NUM!	14.9479	16.6909	0.400087535	#REF!
4.433	0.659	7.831	99.833	-0.348		14.1909	23.8249	114.3329	0.59563314	0.893185526	1.01015927	22.80828447	#DIV/0!	#DIV/0!	#NUM!	14.9479	16.6909	0.400087535	#REF!
4.461	0.671	9.129	99.637	-0.505		14.1359	21.9659	115.4479	0.643538394	0.81917274	1.03076533	22.35232338	#DIV/0!	#DIV/0!	#NUM!	14.9479	16.6909	0.400087535	#REF!
4.49	0.604	7.27	100.752	-0.56		14.1659	19.8269	114.6269	0.714478814	0.710009065	1.087287385	21.19034977	#DIV/0!	#DIV/0!	#NUM!	14.9479	16.6909	0.400087535	#REF!
4.519	0.646	5.131	99.931	-0.53		14.2759	18.8599	114.2349	0.756944629	0.643475434	1.141783133	20.17896336	#DIV/0!	#DIV/0!	#NUM!	14.9479	16.6909	0.400087535	#REF!
4.548	0.633	4.164	99.539	-0.42		14.3099	19.5469	115.0559	0.732080279	0.682622467	1.107562442	20.80243887	#DIV/0!	#DIV/0!	#NUM!	14.9479	16.6909	0.400087535	#REF!
4.577	0.65	4.851	100.36	-0.386		14.2929	22.2459	114.7249	0.642495921	0.820774907	1.030183826	22.36494053	#DIV/0!	#DIV/0!	#NUM!	14.9479	16.6909	0.400087535	#REF!
4.606	0.663	7.55	100.029	-0.403		14.0339	25.5529	114.8479	0.549209679	0.966316446	1.000963978	23.01781133	#DIV/0!	#DIV/0!	#NUM!	14.9479	16.6909	0.400087535	#REF!
4.633	0.608	10.857	100.152	-0.662		13.7029	28.7989	114.6999	0.475813312	1.087211185	1.006063225	22.90114521	#DIV/0!	#DIV/0!	1.16753099	14.9479	16.6909	0.400087535	#REF!
4.661	0.692	14.103	100.004	-0.993		13.2449	31.7959	114.6019	0.416559997	1.192248589	1.028205936	22.40796245	#DIV/0!	#DIV/0!	0.994985838	14.9479	16.6909	0.400087535	#REF!
4.69	0.696	17.1	99.906	-1.451		12.8029	34.3509	115.1539	0.372709303	1.276248892	1.056617567	21.80542963	#DIV/0!	#DIV/0!	0.900352895	14.9479	16.6909	0.400087535	#REF!
4.719	0.65	19.655	100.458	-1.893		12.3959	36.6039	114.7369	0.338649707	1.346410224	1.087300746	21.19008938	#DIV/0!	#DIV/0!	0.837116937	14.9479	16.6909	0.400087535	#REF!
4.747	0.617	21.908	100.041	-2.3		12.0179	38.7389	114.9089	0.31022822	1.409114362	1.119983855	20.57172511	#DIV/0!	#DIV/0!	0.78902347	14.9479	16.6909	0.400087535	#REF!
4.775	0.65	24.043	100.213	-2.678		11.4919	41.1749	114.8479	0.279099646	1.483194976	1.164988091	19.77702619	#DIV/0!	#DIV/0!	0.7399083	14.9479	16.6909	0.400087535	#REF!
4.808	0.629	26.479	100.152	-3.204		11.0719	43.3739	114.3079	0.255266416	1.544619133	1.207608003	19.07903884	#DIV/0!	#DIV/0!	0.704179603	14.9479	16.6909	0.400087535	#REF!
4.837	0.625	28.678	99.612	-3.624		10.6769	45.5169	114.7499	0.234570017	1.602014253	1.251861593	18.40459051	#DIV/0!	#DIV/0!	0.674125272	14.9479	16.6909	0.400087535	#REF!
4.866	0.667	30.821	100.054	-4.019		10.2519	47.6479	115.0679	0.215159535	1.65997005	1.300994613	17.7095276	#DIV/0!	#DIV/0!	0.646530189	14.9479	16.6909	0.400087535	#REF!
4.894	0.621	32.952	100.372	-4.444		9.8999	49.6339	114.4679	0.199458435	1.710331973	1.347418035	17.09937035	#DIV/0!	#DIV/0!	0.624487791	14.9479	16.6909	0.400087535	#REF!
4.923	0.667	34.938	99.772	-4.796		9.4799	51.7769	114.7129	0.183091301	1.766777382	1.40369753	16.41379251	#DIV/0!	#DIV/0!	0.601648493	14.9479	16.6909	0.400087535	#REF!
4.953	0.6	37.081	100.017	-5.216		9.1909	53.6239	114.2589	0.17139559	1.810007997	1.449931555	15.89040526	#DIV/0!	#DIV/0!	0.585341121	14.9479	16.6909	0.400087535	#REF!
4.983	0.675	38.928	99.563	-5.505		8.8649	55.4269	113.8789	0.159938586	1.855087729	1.501127543	15.34846263	#DIV/0!	#DIV/0!	0.569318377	14.9479	16.6909	0.400087535	#REF!
5.011	0.684	40.731	99.183	-5.831		8.5629	57.2649	114.2229	0.149531388	1.898735318	1.553689001	14.82922257	#DIV/0!	#DIV/0!	0.554674171	14.9479	16.6909	0.400087535	#REF!
5.039	0.604	42.569	99.527	-6.133		8.2529	58.9709	113.9899	0.139948687	1.941541232	1.608186321	14.32669816	#DIV/0!	#DIV/0!	0.541071502	14.9479	16.6909	0.400087535	#REF!
5.067	0.692	44.275	99.294	-6.443		7.9859	60.6139	114.7369	0.131750308	1.980441951	1.660323594	13.87681298	#DIV/0!	#DIV/0!	0.529309902	14.9479	16.6909	0.400087535	#REF!
5.095	0.629	45.918	100.041	-6.71		7.7479	62.1759	114.4189	0.124612591	2.016252191	1.710582576	13.46909545	#DIV/0!	#DIV/0!	0.518951208	14.9479	16.6909	0.400087535	#REF!
5.123	0.663	47.48	99.723	-6.948		7.4889	63.7419	113.5119	0.117487869	2.054033198	1.766028214	13.04622419	#DIV/0!	#DIV/0!	0.508476493	14.9479	16.6909	0.400087535	#REF!
5.151	0.671	49.046	98.816	-7.207		7.2649	65.2269	113.8299	0.111378894	2.088248038	1.818445392	12.67016326	#DIV/0!	#DIV/0!	0.499367438	14.9479	16.6909	0.400087535	#REF!
5.179	0.684	50.531	99.134	-7.431		7.0439	66.7379	113.4989	0.105545724	2.122678162	1.873367518	12.29870796	#DIV/0!	#DIV/0!	0.49054079	14.9479	16.6909	0.400087535	#REF!
5.208	0.646	52.042	98.803	-7.652		7.0569	68.0789	113.5969	0.103657668	2.134224218	1.892284439	12.17575937	#DIV/0!	#DIV/0!	0.487653647	14.9479	16.6909	0.400087535	#REF!
5.236	0.663	53.383	98.901	-7.639		7.0779	69.3859	113.8179	0.102007757	2.144484998	1.909309018	12.06719278	#DIV/0!	#DIV/0!	0.485117635	14.9479	16.6909	0.400087535	#REF!
5.265	0.671	54.69	99.122	-7.618		6.9289	70.7229	113.2049	0.09797251	2.170287994	1.953020016	11.79711411	#DIV/0!	#DIV/0!	0.478860721	14.9479	16.6909	0.400087535	#REF!
5.294	0.612	56.027	98.509	-7.767		6.6579	71.9069	113.5729	0.092590558	2.206393182	2.016384382	11.42639281	#DIV/0!	#DIV/0!	0.470383733	14.9479	16.6909	0.400087535	#REF!
5.323	0.696	57.211	98.877	-8.038		6.3139	73.1209	113.0459	0.086348773	2.250983013	2.098284966	10.98039607	#DIV/0!	#DIV/0!	0.460337337	14.9479	16.6909	0.400087535	#REF!
5.351	0.646	58.425	98.35	-8.382		5.9909	74.2629	113.6829	0.080671506	2.294438866	2.182110665	10.55858457	#DIV/0!	#DIV/0!	0.450967386	14.9479	16.6909	0.400087535	#REF!
5.384	0.659	59.567	98.987	-8.705		5.6769	75.3029	113.0709	0.075387535	2.337745959	2.269727005	10.15100052	#DIV/0!	#DIV/0!	0.442015888	14.9479	16.6909	0.400087535	#REF!
5.412	0.646	60.607	98.375	-9.019		5.3839	76.3599	113.3649	0.070506902	2.380568779	2.360508434	9.760609056	#DIV/0!	#DIV/0!	0.433519896	14.9479	16.6909	0.400087535	#REF!
5.44	0.579	61.664	98.669	-9.312		5.1249	77.3699	112.6539	0.066238938	2.42056257	2.449143383	9.407370822	#DIV/0!	#DIV/0!	0.425885233	14.9479	16.6909	0.400087535	#REF!
5.469	0.667	62.674	97.958	-9.571		4.8879	78.1889	112.6909	0.062513989	2.457679637	2.534839849	9.089331623	#DIV/0!	#DIV/0!	0.419044551	14.9479	16.6909	0.400087535	#REF!
5.498	0.663	63.493	97.995	-9.808		4.5909	79.0969	112.9479	0.058041466	2.505363256	2.649954296	8.694489575	#DIV/0!	#DIV/0!	0.410582754	14.9479	16.6909	0.400087535	#REF!
5.527	0.587	64.401	98.252	-10.105		4.3739	79.9929	112.7399	0.054678603	2.543776172	2.746933591	8.387534403	#DIV/0!	#DIV/0!	0.404018366	14.9479	16.6909	0.400087535	#REF!
5.557	0.583	65.297	98.044	-10.322		4.1539	80.6719	113.2669	0.051491288	2.582505398	2.848677181	8.08796453	#DIV/0!	#DIV/0!	0.3976154	14.9479	16.6909	0.400087535	#REF!
5.585	0.583	65.976	98.571	-10.542		3.9709	81.4269	112.2489	0.04876644	2.617637308	2.944519685	7.824705711	#DIV/0!	#DIV/0!	0.391985309	14.9479	16.6909	0.400087535	#REF!
5.613	0.667	66.731	97.553	-10.725		3.7499	81.9959	113.0709	0.045732774	2.659233886	3.062500103	7.523265054	#DIV/0!	#DIV/0!	0.3855277	14.9479	16.6909	0.400087535	#REF!
5.642	0.633	67.3	98.375	-10.946		3.5549	82.7219	113.0949	0.04297411	2.699635471	3.181911452	7.2409306	#DIV/0!	#DIV/0!	0.379461555	14.9479	16.6909	0.400087535	#REF!
5.67	0.612	68.026	98.399	-11.141		3.3979	83.3629	112.9599	0.040760338	2.734067581	3.287545539	7.00826794	#DIV/0!	#DIV/0!	0.374444319	14.9479	16.6909	0.400087535	#REF!
5.7	0.6	68.667	98.264	-11.298		3.2199	83.9949	112.0529	0.03833447	2.774123412	3.415046768	6.746613315	#DIV/0!	#DIV/0!	0.368776254	14.9479	16.6909	0.400087535	#REF!
5.729	0.659	69.299	97.357	-11.476		3.0459	84.5379	112.8249	0.036029994	2.814720677	3.549489879	6.491073586	#DIV/0!	#DIV/0!	0.363208286	14.9479	16.6909	0.400087535	#REF!
5.758	0.579	69.842	98.129	-11.65		2.8849	84.9159	112.8249	0.033973614	2.853325297	3.682360769	6.256855709	#DIV/0!	#DIV/0!	0.358071046	14.9479	16.6909	0.400087535	#REF!
5.787	0.688	70.22	98.129	-11.811		2.7699	85.4629	112.2619	0.032410555	2.884355597	3.792817267	6.074640137	#DIV/0!	#DIV/0!	0.354048343	14.9479	16.6909	0.400087535	#REF!
5.817	0.65	70.767	97.566	-11.926		2.6299	86.0359	112.2489	0.030567472	2.923044425	3.935227289	5.854807946	#DIV/0!	#DIV/0!	0.349160482	14.9479	16.6909	0.400087535	#REF!
5.846	0.684	71.34	97.553	-12.066		2.4899	86.4179	112.2979	0.028812318	2.962256824	4.085028576	5.640107424	#DIV/0!	#DIV/0!	0.344345268	14.9479	16.6909	0.400087535	#REF!
5.875	0.571	71.722	97.602	-12.206		2.3619	86.8219	111.9799	0.027203966	3.000483047	4.236516435	5.438430454	#DIV/0!	#DIV/0!	0.339779992	14.9479	16.6909	0.400087535	#REF!
5.905	0.596	72.126	97.284	-12.334		2.2689	87.1649	111.6369	0.026029973	3.029935365	4.357007239	5.288033445	#DIV/0!	#DIV/0!	0.336345995	14.9479	16.6909	0.400087535	#REF!
5.935	0.638	72.469	96.941	-12.427		2.1499	87.5639	111.9309	0.024552355	3.069083532	4.522386736	5.094654957	#DIV/0!	#DIV/0!	0.331889681	14.9479	16.6909	0.400087535	#REF!
5.964	0.575	72.868	97.235	-12.546		2.1039	87.8529	111.8939	0.023947986	3.085825684	4.594972109	5.014176246	#DIV/0!	#DIV/0!	0.33002045	14.9479	16.6909	0.400087535	#REF!
5.993	0.654	73.157	97.198	-12.592		1.9679	88.1289	111.9549	0.022329792	3.132974883	4.805527365	4.794478993	#DIV/0!	#DIV/0!	0.324869854	14.9479	16.6909	0.400087535	#REF!
6.022	0.65	73.433	97.259	-12.728		1.9039	88.3489	112.1509	0.021549787	3.157024983	4.916495916	4.686264444	#DIV/0!	#DIV/0!	0.322305208	14.9479	16.6909	0.400087535	#REF!
6.052	0.671	73.653	97.455	-12.792		1.8359	88.6639	111.7959	0.020706285	3.184105611	5.044403015	4.567438393	#DIV/0!	#DIV/0!	0.319466327	14.9479	16.6909	0.400087535	#REF!
6.083	0.571	73.968	97.1	-12.86		1.8019	88.8289	111.7589	0.020285065	3.198075231	5.11162802	4.507370237	#DIV/0!	#DIV/0!	0.318021705	14.9479	16.6909	0.400087535	#REF!
6.111	0.654	74.133	97.063	-12.894		1.7429	88.9899	111.3549	0.019585369	3.221983033	5.228673358	4.406471474	#DIV/0!	#DIV/0!	0.315579985	14.9479	16.6909	0.400087535	#REF!
6.139	0.675	74.294	96.659	-12.953		1.6789	89.1859	110.9499	0.018824725	3.249037038	5.364208268	4.295135246	#DIV/0!	#DIV/0!	0.312862568	14.9479	16.6909	0.400087535	#REF!
6.169	0.6	74.49	96.254	-13.017		1.6449	89.3809	111.5509	0.018403261	3.264538126	5.443366358	4.232674871	#DIV/0!	#DIV/0!	0.311326929	14.9479	16.6909	0.400087535	#REF!
6.199	0.629	74.685	96.855	-13.051		1.6279	89.5509	110.6189	0.018178488	3.272961981	5.486847991	4.199132186	#DIV/0!	#DIV/0!	0.310498822	14.9479	16.6909	0.400087535	#REF!
6.228	0.667	74.855	95.923	-13.068		1.5859	89.7329	110.9869	0.017673562	3.292301266	5.587921871	4.123178622	#DIV/0!	#DIV/0!	0.308614526	14.9479	16.6909	0.400087535	#REF!
6.257	0.571	75.037	96.291	-13.11		1.5769	89.7249	111.1829	0.017574832	3.29615228	5.608258087	4.108227482	#DIV/0!	#DIV/0!	0.308242082	14.9479	16.6909	0.400087535	#REF!
6.286	0.654	75.029	96.487	-13.119		1.5479	89.8859	111.1829	0.017220721	3.31015867	5.682814158	4.05432931	#DIV/0!	#DIV/0!	0.306895154	14.9479	16.6909	0.400087535	#REF!
6.316	0.625	75.19	96.487	-13.148		1.4749	89.9959	111.3669	0.016388524	3.344335742	5.868685072	3.925922028	#DIV/0!	#DIV/0!	0.303658208	14.9479	16.6909	0.400087535	#REF!
6.346	0.591	75.3	96.671	-13.221		1.4799	90.1149	110.4969	0.016422367	3.342909674	5.860816269	3.931193019	#DIV/0!	#DIV/0!	0.303791884	14.9479	16.6909	0.400087535	#REF!
6.376	0.575	75.419	95.801	-13.216		1.4799	90.0679	111.5629	0.016430937	3.342549072	5.858828099	3.932527053	#DIV/0!	#DIV/0!	0.303825705	14.9479	16.6909	0.400087535	#REF!
6.405	0.642	75.372	96.867	-13.216		1.4579	90.3479	110.7169	0.016136512	3.355055923	5.928156161	3.886537293	#DIV/0!	#DIV/0!	0.302657142	14.9479	16.6909	0.400087535	#REF!
6.436	0.629	75.652	96.021	-13.238		1.4499	90.4039	110.6439	0.016038025	3.359294615	5.95182657	3.871080538	#DIV/0!	#DIV/0!	0.302263175	14.9479	16.6909	0.400087535	#REF!
6.465	0.642	75.708	95.948	-13.246		1.4749	90.4759	110.9139	0.016301579	3.348014047	5.889027255	3.912360905	#DIV/0!	#DIV/0!	0.303313965	14.9479	16.6909	0.400087535	#REF!
6.494	0.617	75.78	96.218	-13.221		1.4419	90.4839	110.7419	0.015935432	3.363740004	5.976746611	3.85494007	#DIV/0!	#DIV/0!	0.301851115	14.9479	16.6909	0.400087535	#REF!
6.524	0.583	75.788	96.046	-13.254		1.4799	90.5099	109.7489	0.016350698	3.345933441	5.877512712	3.920025549	#DIV/0!	#DIV/0!	0.303508586	14.9479	16.6909	0.400087535	#REF!
6.553	0.654	75.814	95.053	-13.216		1.4539	90.5609	109.9329	0.01605439	3.358588356	5.947876404	3.87365144	#DIV/0!	#DIV/0!	0.302328746	14.9479	16.6909	0.400087535	#REF!
6.583	0.608	75.865	95.237	-13.242		1.4499	90.5389	110.6559	0.016014111	3.360328057	5.957611138	3.867321896	#DIV/0!	#DIV/0!	0.302167279	14.9479	16.6909	0.400087535	#REF!
6.612	0.604	75.843	95.96	-13.246		1.4579	90.6329	109.9329	0.01608577	3.357236259	5.940320891	3.87857835	#DIV/0!	#DIV/0!	0.302454359	14.9479	16.6909	0.400087535	#REF!
6.64	0.65	75.937	95.237	-13.238		1.4669	90.6839	109.3689	0.016175969	3.353365596	5.918741458	3.892719451	#DIV/0!	#DIV/0!	0.302814541	14.9479	16.6909	0.400087535	#REF!
6.668	0.608	75.988	94.673	-13.229		1.4579	90.6119	109.5529	0.016089498	3.357075819	5.939424946	3.879163422	#DIV/0!	#DIV/0!	0.302469272	14.9479	16.6909	0.400087535	#REF!
6.698	0.675	75.916	94.857	-13.238		1.4669	90.6629	109.7859	0.016179716	3.353205317	5.917849471	3.893306194	#DIV/0!	#DIV/0!	0.302829475	14.9479	16.6909	0.400087535	#REF!
6.727	0.671	75.967	95.09	-13.229		1.4329	90.6369	109.8109	0.015809234	3.36925073	6.007774729	3.835030613	#DIV/0!	#DIV/0!	0.301341888	14.9479	16.6909	0.400087535	#REF!
6.755	0.654	75.941	95.115	-13.263		1.4369	90.5989	110.3869	0.015860016	3.367027531	5.99523887	3.843049543	#DIV/0!	#DIV/0!	0.301547116	14.9479	16.6909	0.400087535	#REF!
6.785	0.625	75.903	95.691	-13.259		1.4629	90.7219	109.6389	0.016125103	3.355545514	5.930885696	3.884748616	#DIV/0!	#DIV/0!	0.302611583	14.9479	16.6909	0.400087535	#REF!
6.815	0.701	76.026	94.943	-13.233		1.4799	90.7089	109.7619	0.016314827	3.347452206	5.885915808	3.91442908	#DIV/0!	#DIV/0!	0.303366495	14.9479	16.6909	0.400087535	#REF!
6.844	0.646	76.013	95.066	-13.216		1.4329	90.8069	109.3689	0.015779638	3.370550017	6.015112347	3.830352398	#DIV/0!	#DIV/0!	0.301222079	14.9479	16.6909	0.400087535	#REF!
6.874	0.621	76.111	94.673	-13.263		1.4329	90.6839	110.0069	0.015801041	3.369610169	6.009803789	3.83373581	#DIV/0!	#DIV/0!	0.301308734	14.9479	16.6909	0.400087535	#REF!
6.903	0.596	75.988	95.311	-13.263		1.4579	90.7729	109.3819	0.016060961	3.358304992	5.946292218	3.874683442	#DIV/0!	#DIV/0!	0.302355063	14.9479	16.6909	0.400087535	#REF!
6.932	0.583	76.077	94.686	-13.238		1.4459	90.6409	109.6269	0.01595196	3.363021746	5.972713562	3.857543102	#DIV/0!	#DIV/0!	0.301917616	14.9479	16.6909	0.400087535	#REF!
6.961	0.604	75.945	94.931	-13.25		1.4629	90.7219	108.5729	0.016125103	3.355545514	5.930885696	3.884748616	#DIV/0!	#DIV/0!	0.302611583	14.9479	16.6909	0.400087535	#REF!
6.99	0.638	76.026	93.877	-13.233		1.4669	90.6709	108.5729	0.016178289	3.35326638	5.918189283	3.893082647	#DIV/0!	#DIV/0!	0.302823785	14.9479	16.6909	0.400087535	#REF!
7.019	0.65	75.975	93.877	-13.229		1.4499	90.6239	109.4669	0.015999091	3.360978016	5.961251906	3.864959972	#DIV/0!	#DIV/0!	0.302107	14.9479	16.6909	0.400087535	#REF!
7.052	0.663	75.928	94.771	-13.246		1.4249	90.5989	108.8059	0.015727564	3.372842459	6.028079241	3.822112995	#DIV/0!	#DIV/0!	0.301010927	14.9479	16.6909	0.400087535	#REF!
7.082	0.566	75.903	94.11	-13.271		1.4459	90.5729	109.1369	0.015963936	3.3625018	5.969795635	3.859428598	#DIV/0!	#DIV/0!	0.301965774	14.9479	16.6909	0.400087535	#REF!
7.111	0.579	75.877	94.441	-13.25		1.4249	90.5899	108.5359	0.015729127	3.372773553	6.027689103	3.822360378	#DIV/0!	#DIV/0!	0.30101727	14.9479	16.6909	0.400087535	#REF!
7.139	0.612	75.894	93.84	-13.271		1.4289	90.5179	109.4179	0.015785828	3.370278054	6.013575763	3.831331126	#DIV/0!	#DIV/0!	0.301247149	14.9479	16.6909	0.400087535	#REF!
7.168	0.638	75.822	94.722	-13.267		1.4329	90.5729	109.0379	0.015820405	3.368761006	6.005011231	3.836795489	#DIV/0!	#DIV/0!	0.301387071	14.9479	16.6909	0.400087535	#REF!
7.198	0.629	75.877	94.342	-13.263		1.4369	90.6329	108.4749	0.015854066	3.36728761	5.996704098	3.842110537	#DIV/0!	#DIV/0!	0.301523093	14.9479	16.6909	0.400087535	#REF!
7.227	0.667	75.937	93.779	-13.259		1.4369	90.5179	107.7029	0.015874208	3.366407569	5.991747495	3.845288878	#DIV/0!	#DIV/0!	0.301604396	14.9479	16.6909	0.400087535	#REF!
7.257	0.625	75.822	93.007	-13.259		1.4459	90.6029	107.8739	0.01595865	3.362731232	5.971083039	3.85859648	#DIV/0!	#DIV/0!	0.301944522	14.9479	16.6909	0.400087535	#REF!
7.287	0.701	75.907	93.178	-13.25		1.4329	90.4329	108.8059	0.015844897	3.367688623	5.998963974	3.840663171	#DIV/0!	#DIV/0!	0.301486059	14.9479	16.6909	0.400087535	#REF!
7.316	0.621	75.737	94.11	-13.263		1.4499	90.3529	108.4129	0.016047078	3.358903834	5.949640594	3.872502823	#DIV/0!	#DIV/0!	0.302299453	14.9479	16.6909	0.400087535	#REF!
7.346	0.608	75.657	93.717	-13.246		1.4459	90.3609	108.1559	0.01600139	3.360878481	5.960694221	3.865321579	#DIV/0!	#DIV/0!	0.30211623	14.9479	16.6909	0.400087535	#REF!
7.378	0.625	75.665	93.46	-13.25		1.4029	90.3189	108.1929	0.01553274	3.381492481	6.077243365	3.791192588	#DIV/0!	#DIV/0!	0.300216894	14.9479	16.6909	0.400087535	#REF!
7.409	0.633	75.623	93.497	-13.293		1.4329	90.3569	107.6539	0.015858224	3.367105832	5.995679966	3.842766814	#DIV/0!	#DIV/0!	0.301539883	14.9479	16.6909	0.400087535	#REF!
7.438	0.638	75.661	92.958	-13.263		1.4079	90.2339	107.9839	0.015602783	3.378369189	6.059448312	3.802326353	#DIV/0!	#DIV/0!	0.300503106	14.9479	16.6909	0.400087535	#REF!
7.468	0.608	75.538	93.288	-13.288		1.4329	90.1789	107.7149	0.015889526	3.365739109	5.987985134	3.847704943	#DIV/0!	#DIV/0!	0.301666183	14.9479	16.6909	0.400087535	#REF!
7.498	0.642	75.483	93.019	-13.263		1.4289	90.0389	108.0209	0.015869807	3.36659975	5.992829575	3.844594563	#DIV/0!	#DIV/0!	0.301586638	14.9479	16.6909	0.400087535	#REF!
7.526	0.671	75.343	93.325	-13.267		1.4119	90.0639	108.4379	0.015676647	3.375091898	6.040828375	3.814046447	#DIV/0!	#DIV/0!	0.300804028	14.9479	16.6909	0.400087535	#REF!
7.556	0.621	75.368	93.742	-13.284		1.4029	90.1359	107.7269	0.015564276	3.380084402	6.069214735	3.796207748	#DIV/0!	#DIV/0!	0.300345859	14.9479	16.6909	0.400087535	#REF!
7.589	0.571	75.44	93.031	-13.293		1.4199	90.0469	107.7519	0.01576845	3.37104187	6.017892242	3.828583011	#DIV/0!	#DIV/0!	0.30117675	14.9479	16.6909	0.400087535	#REF!
7.623	0.591	75.351	93.056	-13.276		1.4119	89.9919	107.6899	0.01568919	3.374537056	6.03768135	3.816034445	#DIV/0!	#DIV/0!	0.300855035	14.9479	16.6909	0.400087535	#REF!
7.651	0.608	75.296	92.994	-13.284		1.4329	90.0259	106.6119	0.015916531	3.364562355	5.981367286	3.851962085	#DIV/0!	#DIV/0!	0.301775014	14.9479	16.6909	0.400087535	#REF!
7.679	0.591	75.33	91.916	-13.263		1.4419	89.8859	106.9179	0.016041448	3.359146817	5.95099972	3.871618398	#DIV/0!	#DIV/0!	0.302276895	14.9479	16.6909	0.400087535	#REF!
7.709	0.667	75.19	92.222	-13.254		1.4329	89.9329	106.7829	0.01593299	3.363846174	5.977342975	3.85455546	#DIV/0!	#DIV/0!	0.301841288	14.9479	16.6909	0.400087535	#REF!
7.739	0.65	75.237	92.087	-13.263		1.4079	89.9449	106.9549	0.015652916	3.376143003	6.046794376	3.810283361	#DIV/0!	#DIV/0!	0.300707449	14.9479	16.6909	0.400087535	#REF!
7.768	0.587	75.249	92.259	-13.288		1.4459	89.9239	106.4649	0.016079151	3.35752121	5.941912444	3.877539465	#DIV/0!	#DIV/0!	0.302427878	14.9479	16.6909	0.400087535	#REF!
7.798	0.638	75.228	91.769	-13.25		1.4029	89.7289	107.8129	0.015634873	3.376943321	6.051340637	3.807420766	#DIV/0!	#DIV/0!	0.300633955	14.9479	16.6909	0.400087535	#REF!
7.828	0.583	75.033	93.117	-13.293		1.4119	89.7369	107.0409	0.015733773	3.372568699	6.026529375	3.823095942	#DIV/0!	#DIV/0!	0.301036127	14.9479	16.6909	0.400087535	#REF!
7.858	0.629	75.041	92.345	-13.284		1.4029	89.6909	107.1759	0.015641498	3.376649382	6.049670525	3.808471867	#DIV/0!	#DIV/0!	0.300660943	14.9479	16.6909	0.400087535	#REF!
7.887	0.612	74.995	92.48	-13.293		1.4029	89.6519	106.5749	0.015648302	3.376347589	6.047956236	3.809551376	#DIV/0!	#DIV/0!	0.300688658	14.9479	16.6909	0.400087535	#REF!
7.915	0.571	74.956	91.879	-13.293		1.4079	89.5209	106.9919	0.015727054	3.372864966	6.028206679	3.822032194	#DIV/0!	#DIV/0!	0.301008856	14.9479	16.6909	0.400087535	#REF!
7.945	0.638	74.825	92.296	-13.288		1.4369	89.5249	107.0159	0.016050283	3.358765514	5.948867035	3.873006384	#DIV/0!	#DIV/0!	0.302312296	14.9479	16.6909	0.400087535	#REF!
7.974	0.629	74.829	92.32	-13.259		1.4499	89.4829	106.2559	0.016203096	3.352206099	5.91229147	3.896966196	#DIV/0!	#DIV/0!	0.302922607	14.9479	16.6909	0.400087535	#REF!
8.003	0.663	74.787	91.56	-13.246		1.4369	89.4869	105.9009	0.016057099	3.358471522	5.94722318	3.87407691	#DIV/0!	#DIV/0!	0.302339596	14.9479	16.6909	0.400087535	#REF!
8.032	0.68	74.791	91.205	-13.259		1.4029	89.4529	106.4769	0.015683114	3.374805787	6.039205378	3.815071447	#DIV/0!	#DIV/0!	0.300830328	14.9479	16.6909	0.400087535	#REF!
8.061	0.684	74.757	91.781	-13.293		1.4079	89.2699	106.9919	0.015771273	3.370917694	6.017190302	3.829029637	#DIV/0!	#DIV/0!	0.301188193	14.9479	16.6909	0.400087535	#REF!
8.091	0.65	74.574	92.296	-13.288		1.4329	89.2699	106.0239	0.016051323	3.358720654	5.948616172	3.873169714	#DIV/0!	#DIV/0!	0.302316461	14.9479	16.6909	0.400087535	#REF!
8.121	0.696	74.574	91.328	-13.263		1.3739	89.1809	106.5749	0.015405765	3.387193394	6.109850811	3.770959507	#DIV/0!	#DIV/0!	0.299695898	14.9479	16.6909	0.400087535	#REF!
8.15	0.617	74.485	91.879	-13.322		1.3949	89.2579	106.2319	0.015627748	3.377259641	6.053138397	3.806289975	#DIV/0!	#DIV/0!	0.300604917	14.9479	16.6909	0.400087535	#REF!
8.178	0.591	74.562	91.536	-13.301		1.3949	89.2279	105.5699	0.015633003	3.37702636	6.051812531	3.807123879	#DIV/0!	#DIV/0!	0.300626331	14.9479	16.6909	0.400087535	#REF!
8.208	0.612	74.532	90.874	-13.301		1.3989	89.2149	105.9009	0.015680116	3.374938398	6.039957579	3.814596328	#DIV/0!	#DIV/0!	0.300818138	14.9479	16.6909	0.400087535	#REF!
8.237	0.579	74.519	91.205	-13.297		1.3949	89.1769	105.4229	0.015641943	3.376629618	6.049558242	3.808542554	#DIV/0!	#DIV/0!	0.300662758	14.9479	16.6909	0.400087535	#REF!
8.267	0.621	74.481	90.727	-13.301		1.4329	88.9519	105.8029	0.016108706	3.356249815	5.934814331	3.882177052	#DIV/0!	#DIV/0!	0.302546069	14.9479	16.6909	0.400087535	#REF!
8.297	0.684	74.256	91.107	-13.263		1.3949	88.9269	106.2689	0.015685917	3.374681776	6.038502042	3.815515809	#DIV/0!	#DIV/0!	0.300841729	14.9479	16.6909	0.400087535	#REF!
8.326	0.612	74.231	91.573	-13.301		1.4289	88.8459	105.2029	0.016082903	3.357359677	5.941010172	3.878128354	#DIV/0!	#DIV/0!	0.302442889	14.9479	16.6909	0.400087535	#REF!
8.355	0.638	74.15	90.507	-13.267		1.4369	88.8629	105.0189	0.016169853	3.353627347	5.920198423	3.89176145	#DIV/0!	#DIV/0!	0.302790157	14.9479	16.6909	0.400087535	#REF!
8.385	0.654	74.167	90.323	-13.259		1.3779	88.8549	106.1579	0.015507305	3.382630439	6.08373908	3.787144665	#DIV/0!	#DIV/0!	0.300112751	14.9479	16.6909	0.400087535	#REF!
8.413	0.633	74.159	91.462	-13.318		1.4199	88.8159	105.1409	0.015987002	3.361501584	5.964186215	3.863058458	#DIV/0!	#DIV/0!	0.30205846	14.9479	16.6909	0.400087535	#REF!
8.443	0.654	74.12	90.445	-13.276		1.4199	88.7309	104.7609	0.016002317	3.360838349	5.96046938	3.865467387	#DIV/0!	#DIV/0!	0.302119951	14.9479	16.6909	0.400087535	#REF!
8.473	0.65	74.035	90.065	-13.276		1.4029	88.6509	105.6679	0.015824994	3.368559937	6.003876953	3.837520352	#DIV/0!	#DIV/0!	0.301405626	14.9479	16.6909	0.400087535	#REF!
8.503	0.625	73.955	90.972	-13.293		1.3949	88.7059	104.6759	0.015724997	3.372955684	6.028720364	3.821706533	#DIV/0!	#DIV/0!	0.301000506	14.9479	16.6909	0.400087535	#REF!
8.533	0.621	74.01	89.98	-13.301		1.4159	88.5739	105.1659	0.015985522	3.361565742	5.964545877	3.862825515	#DIV/0!	#DIV/0!	0.302052513	14.9479	16.6909	0.400087535	#REF!
8.562	0.667	73.878	90.47	-13.28		1.3689	88.6169	104.6269	0.015447392	3.385318854	6.099110984	3.777599729	#DIV/0!	#DIV/0!	0.299867006	14.9479	16.6909	0.400087535	#REF!
8.592	0.625	73.921	89.931	-13.327		1.3949	88.5659	105.4229	0.015749854	3.371860185	6.022519931	3.825641137	#DIV/0!	#DIV/0!	0.301101366	14.9479	16.6909	0.400087535	#REF!
8.622	0.633	73.87	90.727	-13.301		1.3989	88.3879	105.4839	0.015826827	3.368479662	6.003424157	3.837809789	#DIV/0!	#DIV/0!	0.301413034	14.9479	16.6909	0.400087535	#REF!
8.651	0.671	73.692	90.788	-13.297		1.3739	88.4469	104.7369	0.015533614	3.381453422	6.07702052	3.791331611	#DIV/0!	#DIV/0!	0.300220469	14.9479	16.6909	0.400087535	#REF!
8.679	0.65	73.751	90.041	-13.322		1.4289	88.3069	104.2959	0.016181069	3.353147481	5.917527634	3.893517939	#DIV/0!	#DIV/0!	0.302834864	14.9479	16.6909	0.400087535	#REF!
8.707	0.65	73.611	89.6	-13.267		1.3689	88.3199	104.8469	0.015499338	3.382987263	6.085777247	3.785876325	#DIV/0!	#DIV/0!	0.30008011	14.9479	16.6909	0.400087535	#REF!
8.737	0.612	73.624	90.151	-13.327		1.4119	88.1749	104.7369	0.016012493	3.360398027	5.958002977	3.867067554	#DIV/0!	#DIV/0!	0.302160789	14.9479	16.6909	0.400087535	#REF!
8.768	0.625	73.479	90.041	-13.284		1.3739	88.2009	104.3199	0.015576939	3.379519867	6.065998649	3.798220431	#DIV/0!	#DIV/0!	0.300397596	14.9479	16.6909	0.400087535	#REF!
8.797	0.625	73.505	89.624	-13.322		1.3689	88.1329	104.5159	0.015532225	3.381515523	6.077374828	3.791110579	#DIV/0!	#DIV/0!	0.300214784	14.9479	16.6909	0.400087535	#REF!
8.826	0.612	73.437	89.82	-13.327		1.3649	88.1119	104.1729	0.01549053	3.383382038	6.088032935	3.784473613	#DIV/0!	#DIV/0!	0.300044007	14.9479	16.6909	0.400087535	#REF!
8.856	0.625	73.416	89.477	-13.331		1.3649	88.0009	104.5159	0.015510069	3.382506681	6.083032327	3.787584672	#DIV/0!	#DIV/0!	0.300124073	14.9479	16.6909	0.400087535	#REF!
8.886	0.591	73.305	89.82	-13.331		1.3909	87.9629	103.5729	0.015812348	3.36911419	6.007004119	3.835522591	#DIV/0!	#DIV/0!	0.301354484	14.9479	16.6909	0.400087535	#REF!
8.915	0.629	73.267	88.877	-13.305		1.3949	87.8739	104.3939	0.015873883	3.366421776	5.991827483	3.845237545	#DIV/0!	#DIV/0!	0.301603083	14.9479	16.6909	0.400087535	#REF!
8.945	0.604	73.178	89.698	-13.301		1.3649	87.8909	104.0379	0.01552948	3.381638209	6.078074848	3.790673951	#DIV/0!	#DIV/0!	0.300203553	14.9479	16.6909	0.400087535	#REF!
8.974	0.566	73.195	89.342	-13.331		1.3739	87.8439	103.5479	0.015640244	3.376705015	6.049986591	3.808272903	#DIV/0!	#DIV/0!	0.300655835	14.9479	16.6909	0.400087535	#REF!
9.003	0.596	73.148	88.852	-13.322		1.3819	87.7039	104.5279	0.015756426	3.371570865	6.020883407	3.826680977	#DIV/0!	#DIV/0!	0.301128014	14.9479	16.6909	0.400087535	#REF!
9.032	0.629	73.008	89.832	-13.314		1.3739	87.7089	103.9029	0.015664317	3.375637833	6.043926377	3.812091439	#DIV/0!	#DIV/0!	0.300753858	14.9479	16.6909	0.400087535	#REF!
9.061	0.571	73.013	89.207	-13.322		1.3859	87.6409	103.7069	0.015813393	3.369068377	6.006745576	3.83568768	#DIV/0!	#DIV/0!	0.301358711	14.9479	16.6909	0.400087535	#REF!
9.09	0.692	72.945	89.011	-13.31		1.3399	87.6749	103.8789	0.015282595	3.392772197	6.141918373	3.751270955	#DIV/0!	#DIV/0!	0.299187838	14.9479	16.6909	0.400087535	#REF!
9.12	0.604	72.979	89.183	-13.356		1.3649	87.6489	103.3029	0.015572357	3.379724045	6.067161643	3.797492362	#DIV/0!	#DIV/0!	0.300378882	14.9479	16.6909	0.400087535	#REF!
9.15	0.566	72.953	88.607	-13.331		1.3819	87.3949	103.7809	0.015812135	3.369123515	6.007056744	3.83548899	#DIV/0!	#DIV/0!	0.301353624	14.9479	16.6909	0.400087535	#REF!
9.178	0.642	72.699	89.085	-13.314		1.3479	87.4029	103.4249	0.015421685	3.386475843	6.105737644	3.773499836	#DIV/0!	#DIV/0!	0.299761373	14.9479	16.6909	0.400087535	#REF!
9.206	0.596	72.707	88.729	-13.348		1.3479	87.3949	103.4009	0.015423097	3.386412254	6.105373262	3.773725047	#DIV/0!	#DIV/0!	0.299767177	14.9479	16.6909	0.400087535	#REF!
9.24	0.621	72.699	88.705	-13.348		1.3859	87.2589	103.0819	0.015882621	3.36604038	5.989680535	3.846615836	#DIV/0!	#DIV/0!	0.301638333	14.9479	16.6909	0.400087535	#REF!
9.27	0.688	72.563	88.386	-13.31		1.3519	87.1479	102.9719	0.015512709	3.38238849	6.082357437	3.788004937	#DIV/0!	#DIV/0!	0.300134887	14.9479	16.6909	0.400087535	#REF!
9.299	0.617	72.452	88.276	-13.344		1.3819	87.0849	102.9719	0.015868423	3.366660231	5.993170151	3.844376085	#DIV/0!	#DIV/0!	0.301581049	14.9479	16.6909	0.400087535	#REF!
9.329	0.659	72.389	88.276	-13.314		1.3739	87.1189	103.2419	0.015770401	3.370956048	6.017407103	3.828891681	#DIV/0!	#DIV/0!	0.301184659	14.9479	16.6909	0.400087535	#REF!
9.358	0.587	72.423	88.546	-13.322		1.3649	87.0299	103.2659	0.015683116	3.374805693	6.039204847	3.815071783	#DIV/0!	#DIV/0!	0.300830337	14.9479	16.6909	0.400087535	#REF!
9.39	0.587	72.334	88.57	-13.331		1.3519	86.9699	103.3759	0.015544458	3.38096889	6.074256774	3.793056642	#DIV/0!	#DIV/0!	0.300264836	14.9479	16.6909	0.400087535	#REF!
9.42	0.642	72.274	88.68	-13.344		1.3819	86.9529	102.8129	0.015892512	3.365608898	5.987252517	3.848175759	#DIV/0!	#DIV/0!	0.301678221	14.9479	16.6909	0.400087535	#REF!
9.45	0.705	72.257	88.117	-13.314		1.3569	86.9319	102.9599	0.01560877	3.378102962	6.05793374	3.80327699	#DIV/0!	#DIV/0!	0.300527529	14.9479	16.6909	0.400087535	#REF!
9.48	0.596	72.236	88.264	-13.339		1.3689	86.8719	102.2239	0.015757685	3.371515467	6.020570094	3.826880119	#DIV/0!	#DIV/0!	0.301133117	14.9479	16.6909	0.400087535	#REF!
9.509	0.646	72.176	87.528	-13.327		1.3569	86.8049	102.3099	0.015631606	3.37708836	6.052164881	3.806902233	#DIV/0!	#DIV/0!	0.30062064	14.9479	16.6909	0.400087535	#REF!
9.538	0.621	72.109	87.614	-13.339		1.3779	86.7369	102.6899	0.015885972	3.365894133	5.988857477	3.847144482	#DIV/0!	#DIV/0!	0.301651851	14.9479	16.6909	0.400087535	#REF!
9.566	0.713	72.041	87.994	-13.318		1.3519	86.7239	102.5059	0.015588552	3.379002565	6.063053043	3.800065715	#DIV/0!	#DIV/0!	0.30044502	14.9479	16.6909	0.400087535	#REF!
9.595	0.604	72.028	87.81	-13.344		1.3689	86.6179	102.1749	0.015803893	3.369485036	6.009097333	3.834186522	#DIV/0!	#DIV/0!	0.301320275	14.9479	16.6909	0.400087535	#REF!
9.625	0.675	71.922	87.479	-13.327		1.3479	86.5539	102.0649	0.015572955	3.379697403	6.067009879	3.797587355	#DIV/0!	#DIV/0!	0.300381323	14.9479	16.6909	0.400087535	#REF!
9.653	0.591	71.858	87.369	-13.348		1.3609	86.4909	101.8079	0.015734603	3.372532091	6.026322153	3.823227404	#DIV/0!	#DIV/0!	0.301039497	14.9479	16.6909	0.400087535	#REF!
9.682	0.667	71.795	87.112	-13.335		1.3229	86.4569	102.4699	0.015301266	3.391923422	6.137029384	3.754259359	#DIV/0!	#DIV/0!	0.299265023	14.9479	16.6909	0.400087535	#REF!
9.71	0.633	71.761	87.774	-13.373		1.3569	86.4009	102.5679	0.015704698	3.3738517	6.033796187	3.818491591	#DIV/0!	#DIV/0!	0.300918064	14.9479	16.6909	0.400087535	#REF!
9.739	0.629	71.705	87.872	-13.339		1.3649	86.3119	101.9429	0.015813578	3.36906025	6.006699713	3.835716966	#DIV/0!	#DIV/0!	0.30135946	14.9479	16.6909	0.400087535	#REF!
9.768	0.692	71.616	87.247	-13.331		1.3439	86.2189	102.0899	0.01558707	3.37906856	6.063428752	3.799830252	#DIV/0!	#DIV/0!	0.300438969	14.9479	16.6909	0.400087535	#REF!
9.798	0.671	71.523	87.394	-13.352		1.3569	86.2099	101.7949	0.015739492	3.372316648	6.025102745	3.824001179	#DIV/0!	#DIV/0!	0.301059332	14.9479	16.6909	0.400087535	#REF!
9.827	0.663	71.514	87.099	-13.339		1.3399	86.2399	101.3909	0.015536892	3.381306927	6.076184798	3.791853074	#DIV/0!	#DIV/0!	0.300233882	14.9479	16.6909	0.400087535	#REF!
9.856	0.625	71.544	86.695	-13.356		1.3569	86.0659	101.3179	0.015765826	3.371157261	6.018544594	3.82816803	#DIV/0!	#DIV/0!	0.301166118	14.9479	16.6909	0.400087535	#REF!
9.886	0.684	71.37	86.622	-13.339		1.3399	86.1089	101.9179	0.015560529	3.380251551	6.070167274	3.795612041	#DIV/0!	#DIV/0!	0.300330544	14.9479	16.6909	0.400087535	#REF!
9.916	0.587	71.413	87.222	-13.356		1.3569	85.9679	102.0159	0.015783798	3.370367213	6.014079469	3.831010235	#DIV/0!	#DIV/0!	0.30123893	14.9479	16.6909	0.400087535	#REF!
9.946	0.646	71.272	87.32	-13.339		1.3229	85.9769	101.8449	0.015386691	3.388054165	6.114788364	3.767914542	#DIV/0!	#DIV/0!	0.299617394	14.9479	16.6909	0.400087535	#REF!
9.976	0.608	71.281	87.149	-13.373		1.3439	85.9259	101.6239	0.01564022	3.376706055	6.049992496	3.808269187	#DIV/0!	#DIV/0!	0.300655739	14.9479	16.6909	0.400087535	#REF!
10.006	0.6	71.23	86.928	-13.352		1.3479	85.7559	102.0769	0.015717869	3.373270168	6.030501421	3.820577825	#DIV/0!	#DIV/0!	0.300971565	14.9479	16.6909	0.400087535	#REF!
10.035	0.617	71.06	87.381	-13.348		1.3439	85.7479	101.4159	0.015672687	3.375267192	6.041822947	3.8134186	#DIV/0!	#DIV/0!	0.300787917	14.9479	16.6909	0.400087535	#REF!
10.065	0.596	71.052	86.72	-13.352		1.3479	85.7099	101.4649	0.015726305	3.372898001	6.028393732	3.821913601	#DIV/0!	#DIV/0!	0.301005815	14.9479	16.6909	0.400087535	#REF!
10.094	0.583	71.014	86.769	-13.348		1.3479	85.6669	101.0109	0.015734198	3.37254994	6.026423186	3.823163308	#DIV/0!	#DIV/0!	0.301037854	14.9479	16.6909	0.400087535	#REF!
10.124	0.671	70.971	86.315	-13.348		1.3399	85.6629	101.1699	0.015641544	3.376647335	6.049658897	3.808479188	#DIV/0!	#DIV/0!	0.300661131	14.9479	16.6909	0.400087535	#REF!
10.154	0.575	70.967	86.474	-13.356		1.3569	85.5099	101.1089	0.015868338	3.366663926	5.993190961	3.844362736	#DIV/0!	#DIV/0!	0.301580708	14.9479	16.6909	0.400087535	#REF!
10.186	0.638	70.814	86.413	-13.339		1.3439	85.5529	100.6799	0.01570841	3.373687753	6.032867145	3.819079626	#DIV/0!	#DIV/0!	0.300933145	14.9479	16.6909	0.400087535	#REF!
10.217	0.591	70.857	85.984	-13.352		1.3399	85.4589	101.0599	0.015678882	3.374993014	6.040267396	3.81440067	#DIV/0!	#DIV/0!	0.300813117	14.9479	16.6909	0.400087535	#REF!
10.247	0.587	70.763	86.364	-13.356		1.3269	85.3739	101.2319	0.015542221	3.381068841	6.074826798	3.792700725	#DIV/0!	#DIV/0!	0.300255683	14.9479	16.6909	0.400087535	#REF!
10.276	0.591	70.678	86.536	-13.369		1.3609	85.3229	100.6069	0.015949997	3.363107003	5.97319215	3.857234025	#DIV/0!	#DIV/0!	0.301909721	14.9479	16.6909	0.400087535	#REF!
10.305	0.667	70.627	85.911	-13.335		1.3439	85.1579	101.4159	0.015781272	3.370478202	6.014706559	3.830610816	#DIV/0!	#DIV/0!	0.301228699	14.9479	16.6909	0.400087535	#REF!
10.335	0.65	70.462	86.72	-13.352		1.3399	85.2089	100.0429	0.015724883	3.372960698	6.028748757	3.821688534	#DIV/0!	#DIV/0!	0.301000045	14.9479	16.6909	0.400087535	#REF!
10.364	0.6	70.513	85.347	-13.356		1.3649	85.1539	100.2999	0.016028626	3.3597006	5.954098394	3.869603503	#DIV/0!	#DIV/0!	0.302225495	14.9479	16.6909	0.400087535	#REF!
10.394	0.659	70.458	85.604	-13.331		1.3399	85.0809	100.8149	0.015748541	3.371918029	6.022847173	3.825433277	#DIV/0!	#DIV/0!	0.301096038	14.9479	16.6909	0.400087535	#REF!
10.423	0.617	70.385	86.119	-13.356		1.3179	85.0599	100.4719	0.015493787	3.38323601	6.087198461	3.784992414	#DIV/0!	#DIV/0!	0.300057361	14.9479	16.6909	0.400087535	#REF!
10.452	0.617	70.364	85.776	-13.378		1.3399	84.9799	100.8399	0.015767258	3.371094278	6.01818852	3.828394528	#DIV/0!	#DIV/0!	0.301171921	14.9479	16.6909	0.400087535	#REF!
10.481	0.591	70.284	86.144	-13.356		1.3269	84.9409	100.2389	0.01562145	3.377539398	6.054728772	3.80529019	#DIV/0!	#DIV/0!	0.30057924	14.9479	16.6909	0.400087535	#REF!
10.515	0.566	70.245	85.543	-13.369		1.3439	84.7549	100.0669	0.01585631	3.3671895	5.996151329	3.84246473	#DIV/0!	#DIV/0!	0.301532154	14.9479	16.6909	0.400087535	#REF!
10.545	0.688	70.059	85.371	-13.352		1.3479	84.7499	99.6019	0.015904444	3.365088801	5.984327076	3.850056942	#DIV/0!	#DIV/0!	0.301726316	14.9479	16.6909	0.400087535	#REF!
10.575	0.646	70.054	84.906	-13.348		1.3229	84.6989	99.8709	0.015618857	3.377654595	6.055383764	3.804878584	#DIV/0!	#DIV/0!	0.300568668	14.9479	16.6909	0.400087535	#REF!
10.604	0.6	70.003	85.175	-13.373		1.3479	84.6489	100.5449	0.01592342	3.364262482	5.979681956	3.853047732	#DIV/0!	#DIV/0!	0.30180276	14.9479	16.6909	0.400087535	#REF!
10.634	0.65	69.953	85.849	-13.348		1.3269	84.7289	99.6259	0.015660536	3.375805318	6.044877096	3.811491885	#DIV/0!	#DIV/0!	0.30073847	14.9479	16.6909	0.400087535	#REF!
10.663	0.654	70.033	84.93	-13.369		1.3269	84.5809	100.1039	0.015687939	3.374592366	6.037994998	3.815836218	#DIV/0!	#DIV/0!	0.300849949	14.9479	16.6909	0.400087535	#REF!
10.692	0.583	69.885	85.408	-13.369		1.3139	84.5209	100.1039	0.015545268	3.380932758	6.074050726	3.793185312	#DIV/0!	#DIV/0!	0.300268145	14.9479	16.6909	0.400087535	#REF!
10.72	0.617	69.825	85.408	-13.382		1.3179	84.5039	99.3319	0.01559573	3.378683025	6.061234196	3.801206034	#DIV/0!	#DIV/0!	0.300474322	14.9479	16.6909	0.400087535	#REF!
10.748	0.587	69.808	84.636	-13.378		1.3229	84.5339	99.3199	0.015649343	3.376301424	6.047694048	3.809716533	#DIV/0!	#DIV/0!	0.300692898	14.9479	16.6909	0.400087535	#REF!
10.779	0.587	69.838	84.624	-13.373		1.3689	84.3939	99.7609	0.016220367	3.351468958	5.908194378	3.899668583	#DIV/0!	#DIV/0!	0.30299135	14.9479	16.6909	0.400087535	#REF!
10.808	0.663	69.698	85.065	-13.327		1.3229	84.2709	99.3569	0.015698183	3.374139522	6.035427514	3.817459483	#DIV/0!	#DIV/0!	0.300891591	14.9479	16.6909	0.400087535	#REF!
10.842	0.675	69.575	84.661	-13.373		1.3399	84.2069	100.0799	0.015911998	3.364759735	5.982476835	3.851247675	#DIV/0!	#DIV/0!	0.301756754	14.9479	16.6909	0.400087535	#REF!
10.872	0.642	69.511	85.384	-13.356		1.3439	84.2029	99.7239	0.015960258	3.362661447	5.970691432	3.858849559	#DIV/0!	#DIV/0!	0.301950986	14.9479	16.6909	0.400087535	#REF!
10.905	0.591	69.507	85.028	-13.352		1.3399	84.1349	99.8219	0.015925615	3.364166992	5.979145376	3.853393512	#DIV/0!	#DIV/0!	0.301811596	14.9479	16.6909	0.400087535	#REF!
10.935	0.629	69.439	85.126	-13.356		1.3309	84.0539	99.7119	0.015833888	3.368170463	6.001680404	3.838924843	#DIV/0!	#DIV/0!	0.301441574	14.9479	16.6909	0.400087535	#REF!
10.965	0.612	69.358	85.016	-13.365		1.3269	84.0419	98.7069	0.015788553	3.370158363	6.012899629	3.831761949	#DIV/0!	#DIV/0!	0.301258184	14.9479	16.6909	0.400087535	#REF!
10.995	0.642	69.346	84.011	-13.369		1.3229	84.0329	98.9029	0.015742644	3.372177768	6.024316806	3.824500062	#DIV/0!	#DIV/0!	0.30107212	14.9479	16.6909	0.400087535	#REF!
11.023	0.571	69.337	84.207	-13.373		1.3269	83.8589	98.7319	0.015823007	3.36864699	6.004368015	3.837206504	#DIV/0!	#DIV/0!	0.301397592	14.9479	16.6909	0.400087535	#REF!
11.052	0.654	69.163	84.036	-13.369		1.3399	83.8509	98.4249	0.015979554	3.361824388	5.965996024	3.861886583	#DIV/0!	#DIV/0!	0.302028541	14.9479	16.6909	0.400087535	#REF!
11.081	0.65	69.155	83.729	-13.356		1.3179	83.8169	99.2219	0.015723559	3.373019096	6.029079454	3.821478913	#DIV/0!	#DIV/0!	0.30099467	14.9479	16.6909	0.400087535	#REF!
11.11	0.583	69.121	84.526	-13.378		1.3139	83.7609	98.4869	0.015686317	3.374664114	6.038401879	3.815579099	#DIV/0!	#DIV/0!	0.300843353	14.9479	16.6909	0.400087535	#REF!
11.144	0.604	69.065	83.791	-13.382		1.3349	83.6809	98.7319	0.015952266	3.363008438	5.972638862	3.857591348	#DIV/0!	#DIV/0!	0.301918848	14.9479	16.6909	0.400087535	#REF!
11.174	0.558	68.985	84.036	-13.361		1.3479	83.5999	98.8659	0.016123225	3.355626147	5.931335347	3.884454116	#DIV/0!	#DIV/0!	0.302604081	14.9479	16.6909	0.400087535	#REF!
11.202	0.654	68.904	84.17	-13.348		1.3439	83.5749	98.1919	0.016080187	3.357476627	5.941663404	3.877701989	#DIV/0!	#DIV/0!	0.302432021	14.9479	16.6909	0.400087535	#REF!
11.23	0.654	68.879	83.496	-13.352		1.3519	83.5789	98.1069	0.016175135	3.353401295	5.918940144	3.892588781	#DIV/0!	#DIV/0!	0.302811215	14.9479	16.6909	0.400087535	#REF!
11.26	0.675	68.883	83.411	-13.344		1.3179	83.4729	98.5109	0.015788358	3.370166946	6.012948112	3.831731053	#DIV/0!	#DIV/0!	0.301257393	14.9479	16.6909	0.400087535	#REF!
11.289	0.659	68.777	83.815	-13.378		1.2889	83.3799	98.6339	0.015458162	3.384834754	6.096340299	3.779316585	#DIV/0!	#DIV/0!	0.299911227	14.9479	16.6909	0.400087535	#REF!
11.319	0.579	68.684	83.938	-13.407		1.3229	83.2819	98.6699	0.015884604	3.365953836	5.989193465	3.846928661	#DIV/0!	#DIV/0!	0.301646332	14.9479	16.6909	0.400087535	#REF!
11.348	0.591	68.586	83.974	-13.373		1.3099	83.1889	98.5599	0.015746091	3.372025904	6.023457504	3.825045663	#DIV/0!	#DIV/0!	0.301086104	14.9479	16.6909	0.400087535	#REF!
11.381	0.583	68.493	83.864	-13.386		1.3099	83.0779	98.5359	0.015767129	3.37109993	6.018220471	3.828374203	#DIV/0!	#DIV/0!	0.301171401	14.9479	16.6909	0.400087535	#REF!
11.411	0.591	68.382	83.84	-13.386		1.3229	83.0699	98.7069	0.015925143	3.364187534	5.979260806	3.853319122	#DIV/0!	#DIV/0!	0.301809695	14.9479	16.6909	0.400087535	#REF!
11.441	0.642	68.374	84.011	-13.373		1.3439	83.1499	97.7269	0.016162377	3.353947405	5.921980403	3.890590382	#DIV/0!	#DIV/0!	0.302760346	14.9479	16.6909	0.400087535	#REF!
11.471	0.646	68.454	83.031	-13.352		1.3059	83.1159	98.2049	0.015711795	3.373538265	6.032020157	3.819615883	#DIV/0!	#DIV/0!	0.300946898	14.9479	16.6909	0.400087535	#REF!
11.5	0.642	68.42	83.509	-13.39		1.3059	83.0779	97.8369	0.015718982	3.373221059	6.030223262	3.820754058	#DIV/0!	#DIV/0!	0.300976084	14.9479	16.6909	0.400087535	#REF!
11.53	0.583	68.382	83.141	-13.39		1.3059	83.0269	97.9719	0.015728637	3.372795125	6.02781124	3.822282929	#DIV/0!	#DIV/0!	0.301015284	14.9479	16.6909	0.400087535	#REF!
11.56	0.566	68.331	83.276	-13.39		1.3269	82.8569	98.2409	0.016014357	3.360317408	5.957551504	3.867360607	#DIV/0!	#DIV/0!	0.302168267	14.9479	16.6909	0.400087535	#REF!
11.59	0.608	68.161	83.545	-13.369		1.2839	82.7849	98.0329	0.015508867	3.382560483	6.083339568	3.787393378	#DIV/0!	#DIV/0!	0.300119151	14.9479	16.6909	0.400087535	#REF!
11.62	0.591	68.089	83.337	-13.412		1.3349	82.7469	97.4079	0.016132326	3.355235506	5.929157224	3.885881101	#DIV/0!	#DIV/0!	0.302640429	14.9479	16.6909	0.400087535	#REF!
11.649	0.684	68.051	82.712	-13.361		1.3349	82.6919	97.7999	0.016143056	3.354775271	5.926592028	3.887563019	#DIV/0!	#DIV/0!	0.302683264	14.9479	16.6909	0.400087535	#REF!
11.679	0.583	67.996	83.104	-13.361		1.3309	82.6499	96.9789	0.016102863	3.356500979	5.93621593	3.881260431	#DIV/0!	#DIV/0!	0.302522713	14.9479	16.6909	0.400087535	#REF!
11.707	0.633	67.954	82.283	-13.365		1.2889	82.5899	97.4199	0.015606024	3.378225035	6.058628173	3.802841063	#DIV/0!	#DIV/0!	0.30051633	14.9479	16.6909	0.400087535	#REF!
11.734	0.654	67.894	82.724	-13.407		1.3099	82.5989	97.3589	0.015858565	3.36709096	5.995596183	3.842820513	#DIV/0!	#DIV/0!	0.301541257	14.9479	16.6909	0.400087535	#REF!
11.763	0.654	67.903	82.663	-13.386		1.3349	82.4919	97.1629	0.016182195	3.353099311	5.917259598	3.893694305	#DIV/0!	#DIV/0!	0.302839352	14.9479	16.6909	0.400087535	#REF!
11.793	0.65	67.796	82.467	-13.361		1.3059	82.4369	97.9959	0.015841207	3.367850082	5.999874092	3.840080583	#DIV/0!	#DIV/0!	0.301471151	14.9479	16.6909	0.400087535	#REF!
11.823	0.633	67.741	83.3	-13.39		1.3179	82.2549	97.6289	0.016022146	3.359980649	5.955665972	3.868584992	#DIV/0!	#DIV/0!	0.302199509	14.9479	16.6909	0.400087535	#REF!
11.852	0.633	67.559	82.933	-13.378		1.3229	82.3309	96.6599	0.016068086	3.357997866	5.944575638	3.875802312	#DIV/0!	#DIV/0!	0.302383591	14.9479	16.6909	0.400087535	#REF!
11.881	0.642	67.635	81.964	-13.373		1.3009	82.2589	96.7219	0.015814702	3.369010986	6.006421713	3.835894498	#DIV/0!	#DIV/0!	0.301364005	14.9479	16.6909	0.400087535	#REF!
11.911	0.646	67.563	82.026	-13.395		1.3349	82.1999	97.0039	0.016239679	3.350645679	5.903621685	3.9026891	#DIV/0!	#DIV/0!	0.303068163	14.9479	16.6909	0.400087535	#REF!
11.941	0.65	67.504	82.308	-13.361		1.3009	82.1699	97.1629	0.015831831	3.368260493	6.002188084	3.838600137	#DIV/0!	#DIV/0!	0.301433264	14.9479	16.6909	0.400087535	#REF!
11.971	0.596	67.474	82.467	-13.395		1.3059	82.0339	97.5059	0.015919029	3.364453614	5.980756094	3.852355728	#DIV/0!	#DIV/0!	0.301785074	14.9479	16.6909	0.400087535	#REF!
12.001	0.68	67.338	82.81	-13.39		1.2889	81.9699	97.0399	0.015724065	3.372996809	6.028953243	3.821558913	#DIV/0!	#DIV/0!	0.300996721	14.9479	16.6909	0.400087535	#REF!
12.03	0.692	67.274	82.344	-13.407		1.2929	81.9529	97.5059	0.015776135	3.370703975	6.015982372	3.829798456	#DIV/0!	#DIV/0!	0.301207889	14.9479	16.6909	0.400087535	#REF!
12.058	0.68	67.257	82.81	-13.403		1.3309	81.9409	96.3789	0.016242194	3.350538547	5.903026888	3.90308234	#DIV/0!	#DIV/0!	0.303078162	14.9479	16.6909	0.400087535	#REF!
12.088	0.654	67.245	81.683	-13.365		1.3009	81.9409	96.1459	0.015876077	3.366326004	5.991288296	3.845583598	#DIV/0!	#DIV/0!	0.301611934	14.9479	16.6909	0.400087535	#REF!
12.118	0.671	67.245	81.45	-13.395		1.3269	81.8859	96.7949	0.016204255	3.352156598	5.912016257	3.897147606	#DIV/0!	#DIV/0!	0.302927222	14.9479	16.6909	0.400087535	#REF!
12.148	0.638	67.19	82.099	-13.369		1.3059	81.7789	96.8199	0.015968667	3.362296544	5.968644112	3.860173193	#DIV/0!	#DIV/0!	0.30198479	14.9479	16.6909	0.400087535	#REF!
12.178	0.692	67.083	82.124	-13.39		1.2839	81.7919	96.4029	0.015697153	3.374185018	6.035685416	3.817296365	#DIV/0!	#DIV/0!	0.300887407	14.9479	16.6909	0.400087535	#REF!
12.207	0.591	67.096	81.707	-13.412		1.2759	81.6729	96.1209	0.015622073	3.377511713	6.054571371	3.805389116	#DIV/0!	#DIV/0!	0.300581781	14.9479	16.6909	0.400087535	#REF!
12.234	0.583	66.977	81.425	-13.42		1.2969	81.6729	96.0229	0.015879196	3.366189828	5.990521716	3.8460757	#DIV/0!	#DIV/0!	0.30162452	14.9479	16.6909	0.400087535	#REF!
12.264	0.642	66.977	81.327	-13.399		1.3099	81.6219	96.3659	0.016048389	3.358847246	5.949324114	3.872708825	#DIV/0!	#DIV/0!	0.302304707	14.9479	16.6909	0.400087535	#REF!
12.293	0.596	66.926	81.67	-13.386		1.2799	81.5709	96.1699	0.015690645	3.374472732	6.037316608	3.816264989	#DIV/0!	#DIV/0!	0.300860949	14.9479	16.6909	0.400087535	#REF!
12.321	0.646	66.875	81.474	-13.416		1.3059	81.4779	96.4279	0.016027659	3.359742374	5.9543322	3.869451557	#DIV/0!	#DIV/0!	0.302221619	14.9479	16.6909	0.400087535	#REF!
12.35	0.675	66.782	81.732	-13.39		1.3099	81.4309	96.4029	0.016086031	3.357225024	5.940258143	3.87861932	#DIV/0!	#DIV/0!	0.302455404	14.9479	16.6909	0.400087535	#REF!
12.38	0.621	66.735	81.707	-13.386		1.2589	81.3849	96.7089	0.015468471	3.384371692	6.093691126	3.780959606	#DIV/0!	#DIV/0!	0.299953538	14.9479	16.6909	0.400087535	#REF!
12.41	0.625	66.689	82.013	-13.437		1.2889	81.3419	95.7899	0.015845462	3.367663904	5.99882465	3.840752371	#DIV/0!	#DIV/0!	0.301488342	14.9479	16.6909	0.400087535	#REF!
12.44	0.621	66.646	81.094	-13.407		1.2719	81.2869	95.9009	0.015647048	3.376403208	6.048272141	3.809352401	#DIV/0!	#DIV/0!	0.30068355	14.9479	16.6909	0.400087535	#REF!
12.469	0.579	66.591	81.205	-13.424		1.2929	81.1599	96.3789	0.015930281	3.363964002	5.978004891	3.854128664	#DIV/0!	#DIV/0!	0.301830382	14.9479	16.6909	0.400087535	#REF!
12.499	0.642	66.464	81.683	-13.403		1.3179	81.1979	95.7539	0.016230715	3.351027669	5.905742934	3.901287316	#DIV/0!	#DIV/0!	0.303032518	14.9479	16.6909	0.400087535	#REF!
12.528	0.629	66.502	81.058	-13.378		1.3179	81.1169	95.5329	0.016246923	3.350337165	5.901908977	3.903821643	#DIV/0!	#DIV/0!	0.303096958	14.9479	16.6909	0.400087535	#REF!
12.557	0.663	66.421	80.837	-13.378		1.3349	81.0489	95.5569	0.016470304	3.340895169	5.849717485	3.938651749	#DIV/0!	#DIV/0!	0.303980922	14.9479	16.6909	0.400087535	#REF!
12.586	0.667	66.353	80.861	-13.361		1.2719	81.0319	96.1459	0.015696288	3.374223286	6.035902349	3.81715917	#DIV/0!	#DIV/0!	0.300883887	14.9479	16.6909	0.400087535	#REF!
12.616	0.625	66.336	81.45	-13.424		1.2679	81.0369	95.9249	0.015645959	3.376451498	6.048546423	3.809179659	#DIV/0!	#DIV/0!	0.300679115	14.9479	16.6909	0.400087535	#REF!
12.646	0.587	66.341	81.229	-13.428		1.2889	80.9089	95.2629	0.015930262	3.363964808	5.978009419	3.854125744	#DIV/0!	#DIV/0!	0.301830308	14.9479	16.6909	0.400087535	#REF!
12.675	0.579	66.213	80.567	-13.407		1.2629	80.9139	95.4589	0.015607949	3.378139465	6.058141385	3.803146631	#DIV/0!	#DIV/0!	0.30052418	14.9479	16.6909	0.400087535	#REF!
12.704	0.617	66.218	80.763	-13.433		1.3139	80.8249	95.4589	0.016256129	3.349945266	5.899734032	3.905260792	#DIV/0!	#DIV/0!	0.303133544	14.9479	16.6909	0.400087535	#REF!
12.732	0.65	66.129	80.763	-13.382		1.3179	80.7179	94.6869	0.016327233	3.346926502	5.883005893	3.916365276	#DIV/0!	#DIV/0!	0.303415662	14.9479	16.6909	0.400087535	#REF!
12.76	0.646	66.022	79.991	-13.378		1.2969	80.6889	94.8709	0.016072843	3.357792925	5.943430447	3.876549109	#DIV/0!	#DIV/0!	0.302402631	14.9479	16.6909	0.400087535	#REF!
12.79	0.663	65.993	80.175	-13.399		1.2629	80.6119	95.1159	0.015666421	3.375544618	6.043397309	3.812425168	#DIV/0!	#DIV/0!	0.300762423	14.9479	16.6909	0.400087535	#REF!
12.82	0.663	65.916	80.42	-13.433		1.2679	80.5739	95.7289	0.015735865	3.372476484	6.026007396	3.823427103	#DIV/0!	#DIV/0!	0.301044616	14.9479	16.6909	0.400087535	#REF!
12.85	0.604	65.878	81.033	-13.428		1.3059	80.5019	95.1649	0.016221977	3.351400253	5.907812647	3.899920559	#DIV/0!	#DIV/0!	0.302997759	14.9479	16.6909	0.400087535	#REF!
12.879	0.667	65.806	80.469	-13.39		1.3009	80.5359	94.2459	0.016153045	3.354347137	5.924206685	3.889128321	#DIV/0!	#DIV/0!	0.302723122	14.9479	16.6909	0.400087535	#REF!
12.908	0.625	65.84	79.55	-13.395		1.3229	80.4849	94.4909	0.016436624	3.342309906	5.857509814	3.933412104	#DIV/0!	#DIV/0!	0.30384814	14.9479	16.6909	0.400087535	#REF!
12.937	0.667	65.789	79.795	-13.373		1.3139	80.4469	94.4669	0.016332513	3.346702946	5.881768858	3.917188954	#DIV/0!	#DIV/0!	0.303436576	14.9479	16.6909	0.400087535	#REF!
12.968	0.654	65.751	79.771	-13.382		1.2969	80.3409	95.0059	0.016142463	3.354800715	5.926733818	3.887470015	#DIV/0!	#DIV/0!	0.302680896	14.9479	16.6909	0.400087535	#REF!
12.998	0.659	65.645	80.31	-13.399		1.3099	80.3279	94.1969	0.016306912	3.347787805	5.887774153	3.913193577	#DIV/0!	#DIV/0!	0.303335115	14.9479	16.6909	0.400087535	#REF!
13.028	0.659	65.632	79.501	-13.386		1.2929	80.2519	94.3199	0.016110522	3.356171773	5.934378888	3.882461911	#DIV/0!	#DIV/0!	0.302553327	14.9479	16.6909	0.400087535	#REF!
13.058	0.675	65.556	79.624	-13.403		1.2629	80.1669	94.6629	0.015753385	3.371704744	6.021640633	3.826199769	#DIV/0!	#DIV/0!	0.301115682	14.9479	16.6909	0.400087535	#REF!
13.088	0.608	65.471	79.967	-13.433		1.2889	80.0859	93.8779	0.016093969	3.356883458	5.938350919	3.879865019	#DIV/0!	#DIV/0!	0.302487153	14.9479	16.6909	0.400087535	#REF!
13.118	0.629	65.39	79.182	-13.407		1.2839	80.1539	93.9519	0.016017935	3.360162672	5.956685057	3.867923145	#DIV/0!	#DIV/0!	0.302182622	14.9479	16.6909	0.400087535	#REF!
13.146	0.621	65.458	79.256	-13.412		1.2759	79.9879	94.4789	0.015951163	3.363056374	5.97290794	3.857417565	#DIV/0!	#DIV/0!	0.301914409	14.9479	16.6909	0.400087535	#REF!
13.176	0.696	65.292	79.783	-13.42		1.2459	79.9969	94.2339	0.015574354	3.379635074	6.066654837	3.797809604	#DIV/0!	#DIV/0!	0.300387036	14.9479	16.6909	0.400087535	#REF!
13.206	0.65	65.301	79.538	-13.45		1.2419	79.9709	94.2709	0.015529399	3.381641852	6.078095635	3.790660987	#DIV/0!	#DIV/0!	0.300203219	14.9479	16.6909	0.400087535	#REF!
13.234	0.612	65.275	79.575	-13.454		1.2839	79.8439	94.4539	0.016080126	3.357479228	5.941677933	3.877692507	#DIV/0!	#DIV/0!	0.302431779	14.9479	16.6909	0.400087535	#REF!
13.263	0.633	65.148	79.758	-13.412		1.2419	79.8059	94.3069	0.015561506	3.380207943	6.069918747	3.795767449	#DIV/0!	#DIV/0!	0.300334539	14.9479	16.6909	0.400087535	#REF!
13.292	0.608	65.11	79.611	-13.454		1.2629	79.7889	94.3559	0.015828016	3.368427574	6.003130367	3.83799761	#DIV/0!	#DIV/0!	0.301417842	14.9479	16.6909	0.400087535	#REF!
13.321	0.621	65.093	79.66	-13.433		1.2679	79.7129	94.0009	0.015905832	3.365028304	5.983986877	3.850275823	#DIV/0!	#DIV/0!	0.301731911	14.9479	16.6909	0.400087535	#REF!
13.35	0.692	65.017	79.305	-13.428		1.2629	79.6449	94.4049	0.015856634	3.367175369	5.996071716	3.842515749	#DIV/0!	#DIV/0!	0.30153346	14.9479	16.6909	0.400087535	#REF!
13.384	0.612	64.949	79.709	-13.433		1.2549	79.5849	94.5029	0.015768067	3.371058713	6.017987462	3.828522433	#DIV/0!	#DIV/0!	0.301175198	14.9479	16.6909	0.400087535	#REF!
13.413	0.621	64.889	79.807	-13.441		1.2549	79.5639	93.8049	0.015772228	3.370875707	6.016952973	3.829180667	#DIV/0!	#DIV/0!	0.301192062	14.9479	16.6909	0.400087535	#REF!
13.443	0.583	64.868	79.109	-13.441		1.2679	79.5389	94.2339	0.015940628	3.36351411	5.975477932	3.855758529	#DIV/0!	#DIV/0!	0.301872027	14.9479	16.6909	0.400087535	#REF!
13.472	0.596	64.843	79.538	-13.428		1.2589	79.4709	94.3069	0.015841019	3.367858331	5.999920591	3.840050822	#DIV/0!	#DIV/0!	0.30147039	14.9479	16.6909	0.400087535	#REF!
13.501	0.612	64.775	79.611	-13.437		1.2589	79.3729	93.5969	0.015860577	3.367003008	5.995100727	3.843138097	#DIV/0!	#DIV/0!	0.301549381	14.9479	16.6909	0.400087535	#REF!
13.531	0.701	64.677	78.901	-13.437		1.2289	79.3939	93.7799	0.015478519	3.383920708	6.091112082	3.782560506	#DIV/0!	#DIV/0!	0.299994758	14.9479	16.6909	0.400087535	#REF!
13.561	0.608	64.698	79.084	-13.467		1.2459	79.3049	93.2409	0.015710252	3.37360638	6.032406081	3.819371523	#DIV/0!	#DIV/0!	0.300940631	14.9479	16.6909	0.400087535	#REF!
13.59	0.667	64.609	78.545	-13.45		1.2459	79.3179	93.8909	0.015707678	3.373720081	6.033050331	3.818963665	#DIV/0!	#DIV/0!	0.300930171	14.9479	16.6909	0.400087535	#REF!
13.619	0.575	64.622	79.195	-13.45		1.2549	79.2539	93.7559	0.015833921	3.368168994	6.001672117	3.838930143	#DIV/0!	#DIV/0!	0.30144171	14.9479	16.6909	0.400087535	#REF!
13.649	0.579	64.558	79.06	-13.441		1.2459	79.1949	93.5719	0.015732074	3.372643608	6.026953428	3.822826951	#DIV/0!	#DIV/0!	0.301029231	14.9479	16.6909	0.400087535	#REF!
13.678	0.646	64.499	78.876	-13.45		1.2419	79.1309	93.6699	0.015694248	3.374313414	6.036413304	3.816836065	#DIV/0!	#DIV/0!	0.300875599	14.9479	16.6909	0.400087535	#REF!
13.708	0.659	64.435	78.974	-13.454		1.2339	79.0759	93.0819	0.015603996	3.378315268	6.059141527	3.802518871	#DIV/0!	#DIV/0!	0.300508052	14.9479	16.6909	0.400087535	#REF!
13.737	0.659	64.38	78.386	-13.462		1.2719	79.0159	92.9589	0.01609676	3.356763397	5.937680665	3.880302983	#DIV/0!	#DIV/0!	0.302498315	14.9479	16.6909	0.400087535	#REF!
13.765	0.667	64.32	78.263	-13.424		1.2289	79.0589	93.0449	0.015544107	3.380984589	6.074346303	3.793000737	#DIV/0!	#DIV/0!	0.300263398	14.9479	16.6909	0.400087535	#REF!
13.795	0.596	64.363	78.349	-13.467		1.2289	78.9149	92.9349	0.015572471	3.379718978	6.06713278	3.797510428	#DIV/0!	#DIV/0!	0.300379346	14.9479	16.6909	0.400087535	#REF!
13.826	0.667	64.219	78.239	-13.467		1.2629	78.9059	93.3879	0.01600514	3.360716161	5.959784863	3.865911359	#DIV/0!	#DIV/0!	0.302131282	14.9479	16.6909	0.400087535	#REF!
13.86	0.621	64.21	78.692	-13.433		1.2339	78.8379	92.6899	0.015651102	3.376223446	6.047251194	3.809995527	#DIV/0!	#DIV/0!	0.30070006	14.9479	16.6909	0.400087535	#REF!
13.894	0.646	64.142	77.994	-13.462		1.2509	78.7829	92.5919	0.015877811	3.366250286	5.990862046	3.845857211	#DIV/0!	#DIV/0!	0.301618932	14.9479	16.6909	0.400087535	#REF!
13.927	0.671	64.087	77.896	-13.445		1.2169	78.6979	93.5349	0.015462928	3.384620619	6.095115098	3.780076279	#DIV/0!	#DIV/0!	0.299930791	14.9479	16.6909	0.400087535	#REF!
13.958	0.608	64.002	78.839	-13.479		1.2589	78.6469	92.9719	0.016006988	3.360636196	5.959336926	3.866201942	#DIV/0!	#DIV/0!	0.302138698	14.9479	16.6909	0.400087535	#REF!
13.99	0.638	63.951	78.276	-13.437		1.2509	78.5409	93.2529	0.015926734	3.364118305	5.978871818	3.853569821	#DIV/0!	#DIV/0!	0.301816102	14.9479	16.6909	0.400087535	#REF!
14.021	0.608	63.845	78.557	-13.445		1.2549	78.4689	93.1679	0.015992323	3.361271082	5.96289421	3.863895482	#DIV/0!	#DIV/0!	0.302079828	14.9479	16.6909	0.400087535	#REF!
14.051	0.667	63.773	78.472	-13.441		1.2249	78.3839	93.2529	0.015626934	3.377295822	6.053344061	3.806160656	#DIV/0!	#DIV/0!	0.300601596	14.9479	16.6909	0.400087535	#REF!
14.08	0.604	63.688	78.557	-13.471		1.2169	78.4859	92.6529	0.015504696	3.382747271	6.084406349	3.786729334	#DIV/0!	#DIV/0!	0.300102063	14.9479	16.6909	0.400087535	#REF!
14.109	0.571	63.79	77.957	-13.479		14.6959	14.6959	14.6959	1	0	#DIV/0!	#DIV/0!	#DIV/0!	#DIV/0!	#DIV/0!	14.9479	16.6909	0.400087535	#REF!
